Feedstock_Type,Temperature_C,Yield_Perc,Carbon_perc,Carbon_amount,Carbon_biomass,Carbon_Rec
Herbaceous,200.00,54.20,NA,NA,45,NA
Herbaceous,250.00,45.00,NA,NA,45,NA
Herbaceous,300.00,41.00,NA,NA,45,NA
Herbaceous,400.00,17.20,NA,NA,45,NA
Herbaceous,500.00,10.70,NA,NA,45,NA
Herbaceous,200.00,43.00,NA,NA,45,NA
Herbaceous,250.00,32.10,NA,NA,45,NA
Herbaceous,300.00,24.60,NA,NA,45,NA
Herbaceous,400.00,12.10,NA,NA,45,NA
Herbaceous,500.00,8.70,NA,NA,45,NA
Herbaceous,200.00,35.00,NA,NA,45,NA
Herbaceous,250.00,23.00,NA,NA,45,NA
Herbaceous,300.00,17.60,NA,NA,45,NA
Herbaceous,400.00,8.70,NA,NA,45,NA
Herbaceous,500.00,7.99,NA,NA,45,NA
Herbaceous,200.00,22.80,NA,NA,45,NA
Herbaceous,250.00,14.20,NA,NA,45,NA
Herbaceous,300.00,12.30,NA,NA,45,NA
Herbaceous,400.00,6.70,NA,NA,45,NA
Herbaceous,500.00,8.10,NA,NA,45,NA
Herbaceous,900.00,27.90,79.86,22.28,45,49.51
Herbaceous,300.00,NA,68.81,NA,45,NA
Herbaceous,300.00,36.91,68.27,25.20,45,56.00
Herbaceous,700.00,32.20,52.41,16.88,45,37.50
Animal and human waste,620.00,NA,41.50,NA,45,NA
Animal and human waste,700.00,39.90,44.77,17.86,45,39.70
Animal and human waste,620.00,NA,50.70,NA,45,NA
Animal and human waste,700.00,36.40,44.06,16.04,45,35.64
Animal and human waste,700.00,36.70,45.91,16.85,45,37.44
Woody biomass,300.00,36.80,77.00,28.34,45,62.97
Woody biomass,500.00,28.90,87.50,25.29,45,56.19
Woody biomass,650.00,25.40,91.00,23.11,45,51.36
Woody biomass,800.00,24.20,90.00,21.78,45,48.40
Animal and human waste,350.00,62.30,51.51,32.09,45,71.31
Animal and human waste,700.00,36.40,44.06,16.04,45,35.64
Animal and human waste,350.00,54.300,51.07,27.73,45,61.62
Animal and human waste,700.00,36.70,45.91,16.85,45,37.44
Herbaceous,350.00,51.10,53.32,27.25,45,60.55
Herbaceous,700.00,32.20,52.41,16.88,45,37.50
Animal and human waste,350.00,58.10,49.28,28.63,45,63.63
Animal and human waste,700.00,39.90,44.77,17.86,45,39.70
Herbaceous,300.00,37.03,68.81,25.48,45,56.62
Herbaceous,700.00,21.59,81.98,17.70,45,39.33
Herbaceous,300.00,36.91,68.27,25.20,45,56.00
Herbaceous,700.00,21.89,83.76,18.34,45,40.74
Herbaceous,400.00,36.80,58.40,21.49,45,47.76
Herbaceous,500.00,31.50,64.50,20.32,45,45.15
Herbaceous,600.00,25.80,71.90,18.55,45,41.22
Herbaceous,700.00,25.80,74.40,19.20,45,42.66
Herbaceous,200.00,78.24,46.52,36.40,45,80.88
Herbaceous,400.00,36.65,57.92,21.23,45,47.17
Herbaceous,600.00,30.89,60.80,18.78,45,41.74
Herbaceous,500.00,38.59,68.69,26.51,45,58.91
Herbaceous,700.00,29.77,67.30,20.04,45,44.52
Herbaceous,200.00,88.30,NA,NA,45,NA
Herbaceous,250.00,69.10,NA,NA,45,NA
Herbaceous,300.00,46.00,NA,NA,45,NA
Herbaceous,400.00,41.50,NA,NA,45,NA
Herbaceous,450.00,36.90,NA,NA,45,NA
Herbaceous,500.00,34.00,NA,NA,45,NA
Herbaceous,600.00,32.70,NA,NA,45,NA
Herbaceous,700.00,30.70,NA,NA,45,NA
Herbaceous,200.00,85.80,NA,NA,45,NA
Herbaceous,300.00,50.50,NA,NA,45,NA
Herbaceous,400.00,39.20,NA,NA,45,NA
Herbaceous,500.00,35.30,NA,NA,45,NA
Herbaceous,600.00,34.20,NA,NA,45,NA
Herbaceous,700.00,30.40,NA,NA,45,NA
Herbaceous,800.00,15.30,NA,NA,45,NA
Herbaceous,300.00,NA,44.99,NA,45,NA
Herbaceous,NA,NA,44.90,NA,45,NA
Herbaceous,NA,NA,61.02,NA,45,NA
Herbaceous,NA,NA,56.61,NA,45,NA
Herbaceous,NA,NA,51.30,NA,45,NA
Herbaceous,NA,NA,46.90,NA,45,NA
Herbaceous,NA,NA,63.27,NA,45,NA
Herbaceous,NA,NA,72.10,NA,45,NA
Herbaceous,NA,NA,66.84,NA,45,NA
Herbaceous,NA,NA,51.30,NA,45,NA
Herbaceous,NA,NA,61.60,NA,45,NA
Herbaceous,NA,NA,69.60,NA,45,NA
Herbaceous,NA,NA,70.38,NA,45,NA
Herbaceous,NA,NA,63.50,NA,45,NA
Herbaceous,NA,NA,29.50,NA,45,NA
Herbaceous,NA,NA,41.60,NA,45,NA
Herbaceous,NA,NA,55.60,NA,45,NA
Woody biomass,NA,NA,83.20,NA,45,NA
Woody biomass,NA,NA,62.61,NA,45,NA
Woody biomass,NA,NA,63.19,NA,45,NA
Woody biomass,NA,NA,83.20,NA,45,NA
Herbaceous,NA,NA,69.10,NA,45,NA
Herbaceous,NA,NA,57.52,NA,45,NA
Herbaceous,NA,NA,45.20,NA,45,NA
Herbaceous,NA,NA,47.46,NA,45,NA
Herbaceous,NA,NA,54.86,NA,45,NA
Woody biomass,NA,NA,70.65,NA,45,NA
Woody biomass,NA,NA,85.60,NA,45,NA
Woody biomass,NA,NA,81.13,NA,45,NA
Woody biomass,NA,NA,70.65,NA,45,NA
Woody biomass,NA,NA,76.45,NA,45,NA
Woody biomass,NA,NA,37.50,NA,45,NA
Herbaceous,NA,NA,71.34,NA,45,NA
Biosolid Sludge,NA,NA,41.38,NA,45,NA
Herbaceous,600.00,16.10,NA,NA,45,NA
Herbaceous,600.00,7.50,NA,NA,45,NA
Woody biomass,600.00,15.50,NA,NA,45,NA
Woody biomass,600.00,12.20,NA,NA,45,NA
Herbaceous,350.00,45.68,64.61,29.51,45,65.59
Herbaceous,550.00,38.02,71.88,27.33,45,60.73
Herbaceous,350.00,46.75,53.18,24.86,45,55.25
Herbaceous,650.00,32.14,58.50,18.80,45,41.78
Herbaceous,300.00,58.62,52.49,30.77,45,68.38
Herbaceous,400.00,46.70,53.73,25.09,45,55.76
Herbaceous,500.00,39.31,53.92,21.20,45,47.10
Herbaceous,600.00,37.16,53.47,19.87,45,44.15
Herbaceous,700.00,35.62,51.14,18.22,45,40.48
Herbaceous,300.00,60.93,58.02,35.35,45,78.56
Herbaceous,400.00,40.71,67.75,27.58,45,61.29
Herbaceous,500.00,34.45,75.88,26.14,45,58.09
Herbaceous,600.00,32.41,77.19,25.02,45,55.59
Herbaceous,700.00,29.09,70.39,20.48,45,45.50
Herbaceous,100.00,36.35,38.27,13.91,45,30.91
Herbaceous,200.00,38.83,52.81,20.51,45,45.57
Herbaceous,300.00,42.09,52.81,22.23,45,49.39
Herbaceous,400.00,37.41,71.31,26.68,45,59.28
Herbaceous,500.00,32.49,76.39,24.82,45,55.15
Herbaceous,600.00,30.88,78.79,24.33,45,54.07
Herbaceous,700.00,32.99,82.58,27.24,45,60.54
Herbaceous,400.00,43.49,53.01,23.05,45,51.23
Herbaceous,500.00,36.34,55.91,20.32,45,45.15
Herbaceous,600.00,34.86,53.98,18.82,45,41.82
Herbaceous,700.00,34.86,54.51,19.00,45,42.23
Animal and human waste,400.00,40.51,32.58,13.20,45,29.33
Animal and human waste,500.00,33.91,33.53,11.37,45,25.27
Animal and human waste,600.00,32.03,32.30,10.35,45,22.99
Animal and human waste,700.00,31.90,33.69,10.75,45,23.88
Biosolid Sludge,400.00,39.38,63.26,24.91,45,55.36
Biosolid Sludge,500.00,32.89,60.55,19.91,45,44.26
Biosolid Sludge,600.00,29.73,61.32,18.23,45,40.51
Biosolid Sludge,700.00,28.80,61.72,17.78,45,39.50
Woody biomass,400.00,35.53,84.59,30.05,45,66.79
Woody biomass,500.00,29.91,90.33,27.02,45,60.04
Woody biomass,600.00,26.90,91.55,24.63,45,54.73
Woody biomass,700.00,25.25,89.71,22.65,45,50.34
Woody biomass,400.00,37.43,69.34,25.95,45,57.68
Woody biomass,500.00,32.91,73.82,24.29,45,53.99
Woody biomass,600.00,28.42,77.38,21.99,45,48.87
Woody biomass,700.00,26.50,75.81,20.09,45,44.64
Woody biomass,400.00,37.78,65.14,24.61,45,54.69
Woody biomass,500.00,31.07,76.83,23.87,45,53.05
Woody biomass,600.00,26.31,80.07,21.07,45,46.81
Woody biomass,700.00,25.34,82.89,21.00,45,46.68
Woody biomass,350.00,43.31,NA,NA,45,NA
Woody biomass,450.00,33.18,NA,NA,45,NA
Woody biomass,550.00,27.18,NA,NA,45,NA
Woody biomass,650.00,22.13,NA,NA,45,NA
Woody biomass,500.00,28.00,NA,NA,45,NA
Woody biomass,800.00,16.50,NA,NA,45,NA
Woody biomass,300.00,32.80,NA,NA,45,NA
Woody biomass,600.00,31.90,NA,NA,45,NA
Woody biomass,300.00,39.30,NA,NA,45,NA
Woody biomass,600.00,26.70,NA,NA,45,NA
Herbaceous,300.00,39.60,NA,NA,45,NA
Herbaceous,600.00,32.80,NA,NA,45,NA
Biosolid Sludge,300.00,78.70,NA,NA,45,NA
Biosolid Sludge,600.00,46.00,NA,NA,45,NA
Herbaceous,375.70,44.50,NA,NA,45,NA
Herbaceous,482.10,40.90,NA,NA,45,NA
Herbaceous,585.20,36.20,NA,NA,45,NA
Herbaceous,689.90,33.00,NA,NA,45,NA
Herbaceous,598.10,74.50,NA,NA,45,NA
Herbaceous,325.60,48.30,NA,NA,45,NA
Herbaceous,429.30,43.90,NA,NA,45,NA
Herbaceous,533.70,35.40,NA,NA,45,NA
Herbaceous,640.20,26.20,NA,NA,45,NA
Herbaceous,272.60,36.90,NA,NA,45,NA
Herbaceous,324.30,45.60,NA,NA,45,NA
Herbaceous,430.00,38.30,NA,NA,45,NA
Herbaceous,533.00,32.40,NA,NA,45,NA
Herbaceous,638.00,29.30,NA,NA,45,NA
Herbaceous,689.90,21.90,NA,NA,45,NA
Woody biomass,324.40,37.40,NA,NA,45,NA
Woody biomass,430.10,32.70,NA,NA,45,NA
Woody biomass,533.80,26.10,NA,NA,45,NA
Woody biomass,638.80,22.80,NA,NA,45,NA
Animal and human waste,"325.30
",69.50,NA,NA,45,NA
Animal and human waste,429.00,62.80,NA,NA,45,NA
Animal and human waste,743.30,55.80,NA,NA,45,NA
Animal and human waste,272.30,57.70,NA,NA,45,NA
Animal and human waste,481.80,42.90,NA,NA,45,NA
Animal and human waste,692.50,38.30,NA,NA,45,NA
Woody biomass,270.70,66.10,NA,NA,45,NA
Woody biomass,376.20,36.90,NA,NA,45,NA
Woody biomass,481.23,29.40,NA,NA,45,NA
Animal and human waste,61.70,97.10,NA,NA,45,NA
Animal and human waste,165.90,58.00,NA,NA,45,NA
Animal and human waste,324.50,26.90,NA,NA,45,NA
Animal and human waste,481.30,24.80,NA,NA,45,NA
Woody biomass,167.40,51.30,NA,NA,45,NA
Woody biomass,377.00,32.10,NA,NA,45,NA
Woody biomass,584.90,27.50,NA,NA,45,NA
Woody biomass,796.30,23.30,NA,NA,45,NA
Woody biomass,325.00,42.60,NA,NA,45,NA
Woody biomass,429.40,35.80,NA,NA,45,NA
Woody biomass,743.00,31.70,NA,NA,45,NA
Biosolid Sludge,430.50,53.00,NA,NA,45,NA
Biosolid Sludge,638.50,47.10,NA,NA,45,NA
Biosolid Sludge,847.70,45.30,NA,NA,45,NA
Herbaceous,180.00,54.35,NA,NA,45,NA
Herbaceous,240.00,37.65,NA,NA,45,NA
Woody biomass,220.00,77.22,NA,NA,45,NA
Woody biomass,250.00,66.52,NA,NA,45,NA
Woody biomass,300.00,66.00,NA,NA,45,NA
Woody biomass,350.00,56.35,NA,NA,45,NA
Herbaceous,190.00,83.83,NA,NA,45,NA
Herbaceous,225.00,67.04,NA,NA,45,NA
Herbaceous,250.00,48.26,NA,NA,45,NA
Animal and human waste,180.00,67.57,NA,NA,45,NA
Animal and human waste,220.00,60.70,NA,NA,45,NA
Animal and human waste,260.00,56.43,NA,NA,45,NA
Animal and human waste,300.00,53.30,NA,NA,45,NA
Animal and human waste,150.00,87.74,NA,NA,45,NA
Animal and human waste,175.00,75.65,NA,NA,45,NA
Animal and human waste,200.00,42.87,NA,NA,45,NA
Animal and human waste,225.00,39.04,NA,NA,45,NA
Animal and human waste,275.00,26.00,NA,NA,45,NA
Animal and human waste,299.80,29.48,NA,NA,45,NA
Animal and human waste,150.00,71.83,NA,NA,45,NA
Animal and human waste,175.00,45.30,NA,NA,45,NA
Animal and human waste,200.00,40.09,NA,NA,45,NA
Animal and human waste,225.00,33.48,NA,NA,45,NA
Animal and human waste,225.00,32.78,NA,NA,45,NA
Animal and human waste,275.00,28.26,NA,NA,45,NA
Animal and human waste,300.00,23.57,NA,NA,45,NA
Animal and human waste,180.00,56.70,NA,NA,45,NA
Animal and human waste,240.00,46.87,NA,NA,45,NA
Animal and human waste,300.00,44.09,NA,NA,45,NA
Woody biomass,220.00,84.09,NA,NA,45,NA
Woody biomass,250.00,61.57,NA,NA,45,NA
Woody biomass,300.00,61.65,NA,NA,45,NA
Woody biomass,350.00,48.00,NA,NA,45,NA
Woody biomass,200.00,58.70,NA,NA,45,NA
Woody biomass,230.00,50.87,NA,NA,45,NA
Woody biomass,260.00,38.17,NA,NA,45,NA
Woody biomass,180.00,64.87,NA,NA,45,NA
Woody biomass,210.00,58.70,NA,NA,45,NA
Woody biomass,240.00,49.22,NA,NA,45,NA
Woody biomass,270.00,39.83,NA,NA,45,NA
Woody biomass,300.00,35.04,NA,NA,45,NA
Animal and human waste,150.00,80.87,NA,NA,45,NA
Animal and human waste,175.00,42.00,NA,NA,45,NA
Animal and human waste,200.00,45.74,NA,NA,45,NA
Animal and human waste,225.00,36.26,NA,NA,45,NA
Animal and human waste,275.00,30.87,NA,NA,45,NA
Animal and human waste,300.00,26.00,NA,NA,45,NA
Herbaceous,300.00,56.30,NA,NA,45,NA
Herbaceous,500.00,66.20,NA,NA,45,NA
Herbaceous,700.00,65.00,NA,NA,45,NA
Herbaceous,500.00,31.00,NA,NA,45,NA
Woody biomass,300.00,49.61 ,NA,NA,45,NA
Herbaceous,200.00,33.70,NA,NA,45,NA
Woody biomass,170.00,27.30,NA,NA,45,NA
Herbaceous,NA,NA,51.00,NA,45,NA
Herbaceous,NA,NA,51.00,NA,45,NA
Herbaceous,NA,NA,45.30,NA,45,NA
Herbaceous,NA,NA,40.00,NA,45,NA
Herbaceous,NA,NA,58.00,NA,45,NA
Woody biomass,NA,NA,88.10,NA,45,NA
Mixture,NA,NA,58.10,NA,45,NA
Woody biomass,NA,NA,71.20,NA,45,NA
Woody biomass,NA,NA,88.00,NA,45,NA
Woody biomass,NA,NA,82.50,NA,45,NA
Others,400.00,39.28,NA,NA,45,NA
Others,450.00,36.82,NA,NA,45,NA
Others,500.00,34.60,NA,NA,45,NA
Others,550.00,32.62,NA,NA,45,NA
Others,600.00,32.62,NA,NA,45,NA
Herbaceous,400.00,33.54,58.63,19.66,45,43.70
Herbaceous,500.00,NA,"67.45	",NA,45,NA
Herbaceous, 600 600,25.62,74.51,19.09,45,42.42
Herbaceous,400.00,NA,63.77,NA,45,NA
Herbaceous,500.00,5.19,71.04,3.69,45,8.19
Herbaceous,600.00,2.73,80.07,2.19,45,4.86
Herbaceous,400.00,38.32,54.56,20.91,45,46.46
Herbaceous,500.00,NA,55.96,NA,45,NA
Herbaceous,600.00,31.34,64.00,20.06,45,44.57
Herbaceous,NA,NA,40.41,NA,45,NA
Herbaceous,NA,NA,41.76,NA,45,NA
Herbaceous,NA,NA,45.94,NA,45,NA
Herbaceous,NA,NA,47.37,NA,45,NA
Herbaceous,NA,NA,45.43,NA,45,NA
Herbaceous,NA,NA,42.04,NA,45,NA
Herbaceous,300.00,34.34,70.53,24.22,45,53.82
Herbaceous,400.00,NA,62.36,NA,45,NA
Herbaceous,500.00,NA,89.91,NA,45,NA
Herbaceous,600.00,NA,66.96,NA,45,NA
Herbaceous,300.00,43.20,73.64,31.81,45,70.69
Herbaceous,400.00,36.30,76.48,27.76,45,61.69
Herbaceous,500.00,34.70,77.03,26.73,45,59.40
Herbaceous,600.00,30.00,77.89,23.37,45,51.93
Herbaceous,700.00,27.00,78.61,21.22,45,47.17
Woody biomass,"300.20
",72.40,5.92,4.29,45,9.52
Woody biomass,398.40,71.64,5.91,4.23,45,9.41
Woody biomass,497.10,68.55,2.86,1.96,45,4.36
Herbaceous,299.90,60.55,19.97,12.09,45,26.87
Herbaceous,398.00,56.61,19.34,10.95,45,24.33
Herbaceous,496.00,52.11,11.21,5.84,45,12.98
Herbaceous,400.00,36.75,NA,NA,45,NA
Herbaceous,800.00,28.38,NA,NA,45,NA
Herbaceous,400.00,36.13,NA,NA,45,NA
Herbaceous,800.00,29.13,NA,NA,45,NA
Animal and human waste,300.00,65.30,61.67,40.27,45,89.49
Animal and human waste,350.00,55.70,68.33,38.06,45,84.58
Animal and human waste,400.00,49.30,71.99,35.49,45,78.87
Animal and human waste,500.00,43.00,73.97,31.81,45,70.68
Animal and human waste,600.00,38.40,80.59,30.95,45,68.77
Animal and human waste,300.00,63.30,1.36,0.86,45,1.91
Animal and human waste,350.00,55.10,NA,NA,45,NA
Animal and human waste,400.00,48.60,NA,NA,45,NA
Animal and human waste,500.00,42.10,NA,NA,45,NA
Animal and human waste,600.00,38.90,NA,NA,45,NA
Animal and human waste,300.00,60.30,NA,NA,45,NA
Animal and human waste,350.00,56.10,NA,NA,45,NA
Animal and human waste,400.00,50.00,NA,NA,45,NA
Animal and human waste,500.00,42.80,NA,NA,45,NA
Animal and human waste,600.00,38.00,NA,NA,45,NA
Animal and human waste,300.00,61.40,NA,NA,45,NA
Animal and human waste,350.00,53.00,NA,NA,45,NA
Animal and human waste,400.00,47.40,NA,NA,45,NA
Animal and human waste,500.00,41.40,NA,NA,45,NA
Animal and human waste,600.00,37.90,NA,NA,45,NA
Animal and human waste,400.00,80.70,2.18,1.76,45,3.91
Animal and human waste,450.00,79.30,2.99,2.37,45,5.27
Animal and human waste,500.00,74.30,8.83,6.56,45,14.58
Herbaceous,300.00,47.97,57.78,27.72,45,61.59
Herbaceous,400.00,37.42,58.13,21.75,45,48.34
Herbaceous,500.00,30.85,60.36,18.62,45,41.38
Herbaceous,600.00,27.28,63.18,17.24,45,38.30
Woody biomass,300.00,65.50,67.23,44.04,45,97.86
Woody biomass,400.00,44.80,78.71,35.26,45,78.36
Woody biomass,500.00,34.00,85.32,29.01,45,64.46
Woody biomass,600.00,28.30,86.34,24.43,45,54.30
Woody biomass,700.00,27.40,89.29,24.47,45,54.37
Woody biomass,400.00,33.40,NA,NA,45,NA
Woody biomass,500.00,26.20,NA,NA,45,NA
Woody biomass,600.00,20.00,NA,NA,45,NA
Herbaceous,400.00,14.00,NA,NA,45,NA
Herbaceous,500.00,12.30,NA,NA,45,NA
Herbaceous,600.00,12.30,NA,NA,45,NA
Herbaceous,400.00,38.30,NA,NA,45,NA
Herbaceous,500.00,35.30,NA,NA,45,NA
Herbaceous,600.00,33.50,NA,NA,45,NA
Animal and human waste,300.00,62.30,NA,NA,45,NA
Animal and human waste,400.00,51.80,NA,NA,45,NA
Animal and human waste,500.00,44.30,NA,NA,45,NA
Animal and human waste,600.00,40.50,NA,NA,45,NA
Animal and human waste,700.00,37.70,NA,NA,45,NA
Herbaceous,300.00,53.10,NA,NA,45,NA
Herbaceous,400.00,37.40,NA,NA,45,NA
Herbaceous,500.00,33.10,NA,NA,45,NA
Herbaceous,600.00,31.70,NA,NA,45,NA
Herbaceous,700.00,26.70,NA,NA,45,NA
Animal and human waste,300.00,58.40,NA,NA,45,NA
Animal and human waste,500.00,47.90,NA,NA,45,NA
Animal and human waste,600.00,41.50,NA,NA,45,NA
Animal and human waste,700.00,37.40,NA,NA,45,NA
Woody biomass,450.00,59.50,NA,NA,45,NA
Woody biomass,550.00,48.40,NA,NA,45,NA
Woody biomass,650.00,46.80,NA,NA,45,NA
Woody biomass,750.00,44.20,NA,NA,45,NA
Biosolid Sludge,400.00,65.50,NA,NA,45,NA
Biosolid Sludge,500.00,51.60,NA,NA,45,NA
Biosolid Sludge,600.00,43.30,NA,NA,45,NA
Biosolid Sludge,700.00,44.20,NA,NA,45,NA
Biosolid Sludge,800.00,42.40,NA,NA,45,NA
Biosolid Sludge,300.00,65.90,NA,NA,45,NA
Biosolid Sludge,400.00,56.50,NA,NA,45,NA
Biosolid Sludge,500.00,54.70,NA,NA,45,NA
Biosolid Sludge,600.00,52.20,NA,NA,45,NA
Biosolid Sludge,700.00,50.70,NA,NA,45,NA
Woody biomass,300.00,39.20,NA,NA,45,NA
Woody biomass,400.00,31.60,NA,NA,45,NA
Woody biomass,500.00,23.30,NA,NA,45,NA
Woody biomass,600.00,20.70,NA,NA,45,NA
Herbaceous,300.00,50.00,NA,NA,45,NA
Herbaceous,400.00,41.70,NA,NA,45,NA
Herbaceous,500.00,35.30,NA,NA,45,NA
Herbaceous,600.00,33.00,NA,NA,45,NA
Woody biomass,300.00,35.90,NA,NA,45,NA
Woody biomass,400.00,26.70,NA,NA,45,NA
Woody biomass,500.00,22.10,NA,NA,45,NA
Woody biomass,600.00,19.80,NA,NA,45,NA
Herbaceous,300.00,13.70,66.09,9.05,45,20.12
Herbaceous,500.00,6.40,68.60,4.39,45,9.76
Herbaceous,750.00,31.60,66.00,20.86,45,46.35
Herbaceous,450.00,38.70,61.30,23.72,45,52.72
Herbaceous,350.00,42.60,60.50,25.77,45,57.27
Woody biomass,750.00,27.90,90.80,25.33,45,56.30
Woody biomass,450.00,37.00,78.50,29.05,45,64.54
Woody biomass,350.00,41.90,70.50,29.54,45,65.64
Animal and human waste,750.00,56.00,24.70,13.83,45,30.74
Animal and human waste,450.00,62.90,27.70,17.42,45,38.72
Animal and human waste,350.00,68.60,31.20,21.40,45,47.56
Herbaceous,700.00,22.00,83.80,18.44,45,40.97
Herbaceous,300.00,37.00,68.30,25.27,45,56.16
Herbaceous,700.00,34.60,80.10,27.71,45,61.59
Herbaceous,300.00,49.90,72.40,36.13,45,80.28
Animal and human waste,500.00,24.00,1.70,0.41,45,0.91
Animal and human waste,350.00,26.00,25.20,6.55,45,14.56
Animal and human waste,200.00,57.00,31.10,17.73,45,39.39
Animal and human waste,100.00,96.00,36.80,35.33,45,78.51
Woody biomass,750.00,39.00,74.70,29.13,45,64.74
Woody biomass,450.00,50.10,81.60,40.88,45,90.85
Woody biomass,350.00,60.00,90.50,54.30,45,120.67
Herbaceous,750.00,27.00,67.60,18.25,45,40.56
Herbaceous,450.00,33.10,75.20,24.89,45,55.31
Herbaceous,350.00,36.40,86.30,31.41,45,69.81
Woody biomass,650.00,21.90,67.90,14.87,45,33.04
Woody biomass,550.00,25.90,70.80,18.34,45,40.75
Woody biomass,450.00,33.00,77.00,25.41,45,56.47
Woody biomass,350.00,37.60,80.10,30.12,45,66.93
Woody biomass,350.00,65.00,64.70,42.06,45,93.46
Herbaceous,600.00,45.00,68.00,30.60,45,68.00
Herbaceous,350.00,72.10,56.80,40.95,45,91.01
Animal and human waste,500.00,33.10,48.30,15.99,45,35.53
Woody biomass,600.00,24.00,81.00,19.44,45,43.20
Woody biomass,450.00,26.20,77.00,20.17,45,44.83
Herbaceous,500.00,18.00,57.20,10.30,45,22.88
Herbaceous,500.00,19.00,77.70,14.76,45,32.81
Herbaceous,300.00,23.00,NA,NA,45,NA
Herbaceous,600.00,23.00,NA,NA,45,NA
Herbaceous,400.00,31.50,NA,NA,45,NA
Herbaceous,650.00,28.50,70.00,19.95,45,44.33
Herbaceous,550.00,34.20,76.60,26.20,45,58.22
Herbaceous,450.00,42.30,82.70,34.98,45,77.74
Herbaceous,350.00,46.20,84.00,38.81,45,86.24
Herbaceous,500.00,29.10,64.50,18.77,45,41.71
Herbaceous,400.00,37.00,64.10,23.72,45,52.70
Herbaceous,300.00,66.20,45.60,30.19,45,67.08
Biosolid Sludge,900.00,54.00,16.00,8.64,45,19.20
Woody biomass,350.00,60.00,70.80,42.48,45,94.40
Woody biomass,800.00,42.90,86.00,36.89,45,81.99
Woody biomass,200.00,92.80,74.60,69.23,45,153.84
Animal and human waste,400.00,48.90,75.00,36.68,45,81.50
Herbaceous,700.00,30.10,79.40,23.90,45,53.11
Herbaceous,400.00,38.90,71.30,27.74,45,61.63
Herbaceous,700.00,29.60,82.00,24.27,45,53.94
Herbaceous,700.00,28.70,94.20,27.04,45,60.08
Herbaceous,100.00,99.00,48.50,48.02,45,106.70
Woody biomass,450.00,37.90,70.80,26.83,45,59.63
Woody biomass,350.00,46.10,64.30,29.64,45,65.87
Herbaceous,700.00,22.90,71.50,16.37,45,36.39
Herbaceous,800.00,23.80,90.00,21.42,45,47.60
Herbaceous,350.00,37.10,77.00,28.57,45,63.48
Woody biomass,650.00,30.00,74.60,22.38,45,49.73
Woody biomass,550.00,31.90,73.70,23.51,45,52.25
Biosolid Sludge,200.00,85.15,NA,NA,45,NA
Biosolid Sludge,300.00,55.85,NA,NA,45,NA
Biosolid Sludge,400.00,40.67,NA,NA,45,NA
Biosolid Sludge,500.00,29.71,NA,NA,45,NA
Biosolid Sludge,200.00,77.47,NA,NA,45,NA
Biosolid Sludge,200.00,85.15,NA,NA,45,NA
Biosolid Sludge,200.00,76.41,NA,NA,45,NA
Biosolid Sludge,200.00,75.87,NA,NA,45,NA
Biosolid Sludge,200.00,85.15,NA,NA,45,NA
Biosolid Sludge,200.00,76.74,NA,NA,45,NA
Biosolid Sludge,200.00,72.32,NA,NA,45,NA
Biosolid Sludge,200.00,71.33,NA,NA,45,NA
Herbaceous,200.00,66.40,NA,NA,45,NA
Herbaceous,250.00,44.30,NA,NA,45,NA
Herbaceous,300.00,34.90,NA,NA,45,NA
Herbaceous,400.00,24.10,NA,NA,45,NA
Herbaceous,500.00,14.70,NA,NA,45,NA
Herbaceous,200.00,46.80,NA,NA,45,NA
Herbaceous,250.00,31.60,NA,NA,45,NA
Herbaceous,300.00,25.40,NA,NA,45,NA
Herbaceous,400.00,14.80,NA,NA,45,NA
Herbaceous,500.00,11.10,NA,NA,45,NA
Herbaceous,200.00,35.00,NA,NA,45,NA
Herbaceous,250.00,16.30,NA,NA,45,NA
Herbaceous,300.00,12.40,NA,NA,45,NA
Herbaceous,400.00,9.60,NA,NA,45,NA
Herbaceous,500.00,6.60,NA,NA,45,NA
Herbaceous,200.00,21.60,NA,NA,45,NA
Herbaceous,250.00,8.90,NA,NA,45,NA
Herbaceous,300.00,6.90,NA,NA,45,NA
Herbaceous,400.00,5.00,NA,NA,45,NA
Herbaceous,500.00,3.60,NA,NA,45,NA
Herbaceous,260.00,45.00,NA,NA,45,NA
Herbaceous,100.00,81.50,NA,NA,45,NA
Biosolid Sludge,250.00,69.86,NA,NA,45,NA
Herbaceous,260.00,54.00,NA,NA,45,NA
Herbaceous,216.00,64.00,NA,NA,45,NA
Woody biomass,240.00,48.54,NA,NA,45,NA
Herbaceous,175.00,54.00,NA,NA,45,NA
Woody biomass,220.00,66.70,NA,NA,45,NA
Woody biomass,225.00,60.00,NA,NA,45,NA
Woody biomass,270.00,45.60,NA,NA,45,NA
Woody biomass,140.00,75.00,NA,NA,45,NA
Animal and human waste,120.00,87.90,NA,NA,45,NA
Woody biomass,150.00,72.00,NA,NA,45,NA
Animal and human waste,180.00,53.80,NA,NA,45,NA
Woody biomass,220.00,67.42,NA,NA,45,NA
Herbaceous,175.00,69.40,NA,NA,45,NA
Herbaceous,300.00,37.71,NA,NA,45,NA
Woody biomass,400.00,39.40,NA,NA,45,NA
Herbaceous,350.00,45.70,NA,NA,45,NA
Herbaceous,400.00,43.13,NA,NA,45,NA
Woody biomass,300.00,80.00,NA,NA,45,NA
Herbaceous,400.00,34.18,NA,NA,45,NA
Animal and human waste,300.00,90.14,NA,NA,45,NA
Herbaceous,177.00,44.50,NA,NA,45,NA
Animal and human waste,300.00,78.00,NA,NA,45,NA
Herbaceous,200.00,66.50,50.00,33.25,45,73.89
Herbaceous,250.00,44.30,43.10,19.09,45,42.43
Herbaceous,300.00,35.00,36.20,12.67,45,28.16
Herbaceous,400.00,23.90,31.80,7.60,45,16.89
Herbaceous,500.00,14.60,14.00,2.04,45,4.54
Herbaceous,200.00,47.20,48.20,22.75,45,50.56
Herbaceous,250.00,31.50,38.20,12.03,45,26.74
Herbaceous,300.00,25.50,28.00,7.14,45,15.87
Herbaceous,400.00,14.90,20.90,3.11,45,6.92
Herbaceous,500.00,10.90,13.30,1.45,45,3.22
Herbaceous,200.00,35.00,46.40,16.24,45,36.09
Herbaceous,250.00,16.20,32.40,5.25,45,11.66
Herbaceous,300.00,12.40,23.10,2.86,45,6.37
Herbaceous,400.00,9.60,14.90,1.43,45,3.18
Herbaceous,500.00,6.50,10.70,0.70,45,1.55
Herbaceous,200.00,21.70,36.00,7.81,45,17.36
Herbaceous,250.00,8.70,26.90,2.34,45,5.20
Herbaceous,300.00,6.70,18.90,1.27,45,2.81
Herbaceous,400.00,4.70,12.20,0.57,45,1.27
Herbaceous,500.00,3.60,10.20,0.37,45,0.82
Others,300.00,76.10,NA,NA,45,NA
Others,400.00,36.63,NA,NA,45,NA
Others,500.00,27.69,NA,NA,45,NA
Others,600.00,24.29,NA,NA,45,NA
Woody biomass,450.00,28.37,81.88,23.23,45,51.62
Woody biomass,550.00,25.56,85.40,21.83,45,48.51
Woody biomass,650.00,24.44,88.63,21.66,45,48.14
Woody biomass,750.00,24.26,90.57,21.97,45,48.83
Woody biomass,550.00,25.56,85.40,21.83,45,48.51
Woody biomass,550.00,25.44,87.51,22.26,45,49.47
Woody biomass,550.00,25.32,87.39,22.13,45,49.17
Woody biomass,550.00,25.26,87.34,22.06,45,49.03
Woody biomass,400.00,37.30,NA,NA,45,NA
Woody biomass,500.00,33.00,NA,NA,45,NA
Woody biomass,600.00,30.70,NA,NA,45,NA
Woody biomass,700.00,30.10,NA,NA,45,NA
Woody biomass,800.00,29.10,NA,NA,45,NA
Herbaceous,300.00,47.30,NA,NA,45,NA
Herbaceous,400.00,36.10,NA,NA,45,NA
Herbaceous,500.00,32.70,NA,NA,45,NA
Herbaceous,600.00,31.70,NA,NA,45,NA
Herbaceous,300.00,45.90,NA,NA,45,NA
Herbaceous,400.00,35.90,NA,NA,45,NA
Herbaceous,500.00,33.20,NA,NA,45,NA
Herbaceous,600.00,31.00,NA,NA,45,NA
Herbaceous,300.00,44.40,NA,NA,45,NA
Herbaceous,400.00,34.80,NA,NA,45,NA
Herbaceous,500.00,31.40,NA,NA,45,NA
Herbaceous,600.00,29.40,NA,NA,45,NA
Herbaceous,300.00,51.30,NA,NA,45,NA
Herbaceous,400.00,38.70,NA,NA,45,NA
Herbaceous,500.00,34.60,NA,NA,45,NA
Herbaceous,600.00,32.90,NA,NA,45,NA
Herbaceous,300.00,46.00,55.46,25.51,45,56.69
Herbaceous,400.00,38.00,55.98,21.27,45,47.27
Herbaceous,500.00,33.00,61.32,20.24,45,44.97
Herbaceous,600.00,32.00,60.58,19.39,45,43.08
Herbaceous,700.00,30.00,60.10,18.03,45,40.07
Herbaceous,800.00,30.00,62.55,18.77,45,41.70
Herbaceous,300.00,52.00,45.40,23.61,45,52.46
Herbaceous,400.00,35.00,59.04,20.66,45,45.92
Herbaceous,500.00,37.00,57.12,21.13,45,46.97
Herbaceous,600.00,28.00,53.61,15.01,45,33.36
Herbaceous,700.00,26.00,58.39,15.18,45,33.74
Herbaceous,800.00,27.00,56.86,15.35,45,34.12
Woody biomass,190.00,85.87,53.96,46.34,45,102.97
Woody biomass,210.00,77.27,55.93,43.22,45,96.04
Woody biomass,230.00,68.08,56.42,38.41,45,85.36
Woody biomass,230.00,91.38,49.46,45.20,45,100.44
Woody biomass,260.00,85.05,51.12,43.48,45,96.62
Woody biomass,290.00,78.18,53.95,42.18,45,93.73
Woody biomass,190.00,70.31,57.36,40.33,45,89.62
Woody biomass,210.00,66.31,65.09,43.16,45,95.91
Woody biomass,230.00,57.85,69.73,40.34,45,89.64
Woody biomass,230.00,92.80,54.26,50.35,45,111.90
Woody biomass,260.00,76.34,58.36,44.55,45,99.00
Woody biomass,290.00,74.31,59.25,44.03,45,97.84
Woody biomass,500.00,36.30,NA,NA,45,NA
Woody biomass,600.00,34.30,NA,NA,45,NA
Woody biomass,700.00,32.60,NA,NA,45,NA
Woody biomass,500.00,NA,79.90,NA,45,NA
Woody biomass,500.00,NA,81.40,NA,45,NA
Herbaceous,500.00,NA,76.30,NA,45,NA
Herbaceous,400.00,NA,74.80,NA,45,NA
Herbaceous,600.00,NA,85.10,NA,45,NA
Woody biomass,350.00,NA,74.90,NA,45,NA
Woody biomass,600.00,NA,87.50,NA,45,NA
Woody biomass,350.00,NA,60.40,NA,45,NA
Woody biomass,600.00,NA,70.60,NA,45,NA
Animal and human waste,350.00,NA,29.30,NA,45,NA
Animal and human waste,600.00,NA,23.60,NA,45,NA
Biosolid Sludge,450.00,53.00,36.00,19.08,45,42.40
Biosolid Sludge,450.00,47.00,29.90,14.05,45,31.23
Biosolid Sludge,650.00,47.00,30.80,14.48,45,32.17
Biosolid Sludge,650.00,45.00,29.20,13.14,45,29.20
Biosolid Sludge,850.00,45.00,33.00,14.85,45,33.00
Biosolid Sludge,850.00,38.00,29.60,11.25,45,25.00
Woody biomass,200.00,51.33,64.19,32.95,45,73.22
Woody biomass,400.00,31.86,76.83,24.48,45,54.40
Woody biomass,600.00,27.22,82.93,22.57,45,50.16
Woody biomass,800.00,23.19,84.97,19.70,45,43.79
Herbaceous,400.00,35.91,57.59,20.68,45,45.96
Herbaceous,400.00,36.65,57.92,21.23,45,47.17
Herbaceous,600.00,32.48,59.17,19.22,45,42.71
Herbaceous,600.00,32.48,59.09,19.19,45,42.65
Herbaceous,600.00,30.89,60.80,18.78,45,41.74
Herbaceous,200.00,81.99,30.33,24.87,45,55.26
Herbaceous,200.00,78.93,31.07,24.52,45,54.50
Herbaceous,200.00,74.97,31.94,23.95,45,53.21
Herbaceous,400.00,58.51,33.58,19.65,45,43.66
Woody biomass,400.00,57.80,33.67,19.46,45,43.25
Woody biomass,400.00,57.24,33.60,19.23,45,42.74
Woody biomass,600.00,52.99,34.52,18.29,45,40.65
Woody biomass,600.00,48.12,34.60,16.65,45,37.00
Woody biomass,600.00,43.85,36.81,16.14,45,35.87
Woody biomass,500.00,53.50,87.85,47.00,45,104.44
Others,170.00,64.60,NA,NA,45,NA
Others,170.00,60.80,NA,NA,45,NA
Others,170.00,68.00,NA,NA,45,NA
Others,170.00,61.30,NA,NA,45,NA
Others,200.00,49.80,NA,NA,45,NA
Others,200.00,62.00,NA,NA,45,NA
Others,200.00,61.50,NA,NA,45,NA
Others,230.00,49.60,NA,NA,45,NA
Others,230.00,27.60,NA,NA,45,NA
Others,230.00,62.20,NA,NA,45,NA
Others,230.00,35.40,NA,NA,45,NA
Others,250.00,29.40,NA,NA,45,NA
Others,400.00,,,,45,
Others,500.00,,,,45,
Others,800.00,,,,45,
Others,290.00,,,,45,
Others,0.00,,,,45,
Herbaceous,350.00,36.00,NA,NA,45,NA
Herbaceous,600.00,33.00,NA,NA,45,NA
Woody biomass,350.00,49.10,NA,NA,45,NA
Woody biomass,450.00,37.00,NA,NA,45,NA
Woody biomass,550.00,32.40,NA,NA,45,NA
Woody biomass,650.00,28.50,NA,NA,45,NA
Herbaceous,350.00,39.10,NA,NA,45,NA
Herbaceous,450.00,31.40,NA,NA,45,NA
Herbaceous,550.00,29.50,NA,NA,45,NA
Herbaceous,650.00,27.70,NA,NA,45,NA
Herbaceous,350.00,43.70,NA,NA,45,NA
Herbaceous,450.00,35.40,NA,NA,45,NA
Herbaceous,550.00,32.10,NA,NA,45,NA
Herbaceous,650.00,30.10,NA,NA,45,NA
Herbaceous,900.00,27.90,79.86,22.28,45,49.51
Herbaceous,300.00,37.03,68.81,25.48,45,56.62
Herbaceous,300.00,36.91,68.27,25.20,45,56.00
Animal and human waste,700.00,32.20,52.41,16.88,45,37.50
Animal and human waste,620.00,46.00,41.50,19.09,45,42.42
Animal and human waste,700.00,39.90,44.77,17.86,45,39.70
Animal and human waste,620.00,46.00,50.70,23.32,45,51.83
Animal and human waste,700.00,36.40,44.06,16.04,45,35.64
Animal and human waste,700.00,36.70,45.91,16.85,45,37.44
Animal and human waste,300.00,58.00,51.30,29.75,45,66.12
Woody biomass,300.00,43.70,71.30,31.16,45,69.24
Herbaceous,350.00,39.82,69.96,27.86,45,61.91
Herbaceous,450.00,38.30,52.39,20.07,45,44.59
Woody biomass,500.00,35.50,60.12,21.34,45,47.43
Herbaceous,500.00,23.30,85.79,19.99,45,44.42
Woody biomass,500.00,45.69,85.90,39.25,45,87.22
Herbaceous,500.00,32.00,45.26,14.48,45,32.18
Woody biomass,500.00,30.00,77.97,23.39,45,51.98
Woody biomass,500.00,24.25,87.17,21.14,45,46.97
Woody biomass,500.00,30.90,85.80,26.51,45,58.92
Woody biomass,500.00,21.00,88.88,18.66,45,41.48
Herbaceous,550.00,24.00,92.83,22.28,45,49.51
Herbaceous,500.00,26.00,56.00,14.56,45,32.36
Herbaceous,500.00,23.80,23.80,5.66,45,12.59
Herbaceous,550.00,NA,72.28,NA,45,NA
Woody biomass,500.00,5.10,76.30,3.89,45,8.65
Herbaceous,500.00,18.90,77.60,14.67,45,32.59
Woody biomass,550.00,NA,70.68,NA,45,NA
Herbaceous,500.00,26.00,45.20,11.75,45,26.12
Woody biomass,500.00,NA,70.68,NA,45,NA
Woody biomass,480.00,11.20,75.80,8.49,45,18.87
Woody biomass,500.00,15.82,69.59,11.01,45,24.46
Woody biomass,500.00,24.40,81.70,19.93,45,44.30
Herbaceous,550.00,38.86,44.73,17.38,45,38.63
Herbaceous,375.00,56.08,30.67,17.20,45,38.22
Others,400.00,25.30,NA,NA,45,NA
Others,500.00,22.50,NA,NA,45,NA
Others,600.00,17.20,NA,NA,45,NA
Others,700.00,14.40,NA,NA,45,NA
Others,800.00,13.90,NA,NA,45,NA
Others,400.00,32.20,NA,NA,45,NA
Others,500.00,25.40,NA,NA,45,NA
Others,600.00,21.80,NA,NA,45,NA
Others,700.00,17.60,NA,NA,45,NA
Others,800.00,17.50,NA,NA,45,NA
Woody biomass,350.00,49.40,NA,NA,45,NA
Woody biomass,450.00,37.20,NA,NA,45,NA
Woody biomass,550.00,32.50,NA,NA,45,NA
Woody biomass,650.00,30.60,NA,NA,45,NA
Herbaceous,350.00,56.00,NA,NA,45,NA
Herbaceous,450.00,50.40,NA,NA,45,NA
Herbaceous,550.00,46.30,NA,NA,45,NA
Herbaceous,650.00,43.40,NA,NA,45,NA
Herbaceous,350.00,39.30,NA,NA,45,NA
Herbaceous,450.00,31.70,NA,NA,45,NA
Herbaceous,550.00,29.80,NA,NA,45,NA
Herbaceous,650.00,28.00,NA,NA,45,NA
Others,500.00,20.00,NA,NA,45,NA
Others,290.00,80.00,NA,NA,45,NA
Others,400.00,25.70,NA,NA,45,NA
Others,500.00,22.50,NA,NA,45,NA
Others,600.00,17.10,NA,NA,45,NA
Others,700.00,14.10,NA,NA,45,NA
Others,800.00,13.00,NA,NA,45,NA
Others,400.00,32.40,NA,NA,45,NA
Others,500.00,25.30,NA,NA,45,NA
Others,600.00,22.20,NA,NA,45,NA
Others,700.00,17.60,NA,NA,45,NA
Others,800.00,17.60,NA,NA,45,NA
Biosolid Sludge,300.00,62.50,NA,NA,45,NA
Biosolid Sludge,400.00,28.50,NA,NA,45,NA
Biosolid Sludge,500.00,27.30,NA,NA,45,NA
Biosolid Sludge,300.00,"58.10	",NA,NA,45,NA
Biosolid Sludge,400.00,25.50,NA,NA,45,NA
Biosolid Sludge,500.00,27.00,NA,NA,45,NA
Biosolid Sludge,300.00,64.20,NA,NA,45,NA
Biosolid Sludge,400.00,27.50,NA,NA,45,NA
Biosolid Sludge,500.00,31.00,NA,NA,45,NA
Herbaceous,300.00,NA,68.80,NA,45,NA
Herbaceous,700.00,NA,82.00,NA,45,NA
Woody biomass,300.00,NA,68.30,NA,45,NA
Woody biomass,400.00,NA,59.50,NA,45,NA
Woody biomass,700.00,NA,83.80,NA,45,NA
Herbaceous,300.00,NA,64.30,NA,45,NA
Herbaceous,600.00,NA,84.30,NA,45,NA
Herbaceous,600.00,NA,74.30,NA,45,NA
Herbaceous,600.00,NA,59.40,NA,45,NA
Herbaceous,350.00,NA,58.50,NA,45,NA
Herbaceous,550.00,NA,"68,9	0",NA,45,NA
Herbaceous,750.00,NA,62.40,NA,45,NA
Woody biomass,620.00,NA,82.00,NA,45,NA
Biosolid Sludge,500.00,NA,50.80,NA,45,NA
Biosolid Sludge,600.00,NA,18.50,NA,45,NA
Woody biomass,350.00,NA,67.90,NA,45,NA
Woody biomass,450.00,NA,70.80,NA,45,NA
Woody biomass,550.00,NA,77.00,NA,45,NA
Woody biomass,650.00,NA,80.10,NA,45,NA
Herbaceous,350.00,NA,69.60,NA,45,NA
Herbaceous,450.00,NA,"76,30	",NA,45,NA
Herbaceous,550.00,NA,"81,7	0",NA,45,NA
Herbaceous,650.00,NA,82.10,NA,45,NA
Woody biomass,700.00,NA,79.00,NA,45,NA
Woody biomass,700.00,NA,85.00,NA,45,NA
Woody biomass,300.00,NA,69.20,NA,45,NA
Woody biomass,450.00,NA,80.10,NA,45,NA
Woody biomass,600.00,NA,85.60,NA,45,NA
Woody biomass,300.00,NA,"64,40	",NA,45,NA
Woody biomass,450.00,NA,"	67,60",NA,45,NA
Woody biomass,600.00,NA,78.20,NA,45,NA
Woody biomass,350.00,NA,68.40,NA,45,NA
Woody biomass,550.00,NA,83.80,NA,45,NA
Herbaceous,350.00,NA,62.40,NA,45,NA
Herbaceous,550.00,NA,72.10,NA,45,NA
Herbaceous,450.00,61.80,NA,NA,45,NA
Herbaceous,450.00,61.70,NA,NA,45,NA
Herbaceous,450.00,59.20,NA,NA,45,NA
Herbaceous,450.00,49.70,NA,NA,45,NA
Herbaceous,450.00,61.90,NA,NA,45,NA
Herbaceous,450.00,62.40,NA,NA,45,NA
Herbaceous,600.00,14.00,NA,NA,45,NA
Herbaceous,900.00,16.00,NA,NA,45,NA
Herbaceous,800.00,7.50,NA,NA,45,NA
Herbaceous,550.00,31.00,NA,NA,45,NA
Herbaceous,450.00,33.00,NA,NA,45,NA
Herbaceous,500.00,31.00,NA,NA,45,NA
Herbaceous,500.00,26.90,NA,NA,45,NA
Herbaceous,500.00,25.96,NA,NA,45,NA
Herbaceous,500.00,37.00,NA,NA,45,NA
Herbaceous,500.00,36.50,NA,NA,45,NA
Herbaceous,500.00,24.20,NA,NA,45,NA
Woody biomass,400.00,44.50,NA,NA,45,NA
Biosolid Sludge,500.00,44.50,NA,NA,45,NA
Biosolid Sludge,600.00,41.10,NA,NA,45,NA
Biosolid Sludge,400.00,78.11,NA,NA,45,NA
Biosolid Sludge,500.00,72.44,NA,NA,45,NA
Biosolid Sludge,600.00,71.94,NA,NA,45,NA
Biosolid Sludge,700.00,70.56,NA,NA,45,NA
Animal and human waste,400.00,58.22,NA,NA,45,NA
Animal and human waste,700.00,48.87,NA,NA,45,NA
Animal and human waste,500.00,57.20,NA,NA,45,NA
Biosolid Sludge,500.00,45.90,NA,NA,45,NA
Biosolid Sludge,500.00,36.60,NA,NA,45,NA
Herbaceous,500.00,28.30,NA,NA,45,NA
Herbaceous,500.00,58.40,NA,NA,45,NA
Woody biomass,500.00,32.00,NA,NA,45,NA
Animal and human waste,200.00,98.00,NA,NA,45,NA
Animal and human waste,350.00,57.50,NA,NA,45,NA
Animal and human waste,500.00,38.50,NA,NA,45,NA
Animal and human waste,650.00,35.80,NA,NA,45,NA
Herbaceous,200.00,99.30,NA,NA,45,NA
Herbaceous,350.00,52.50,NA,NA,45,NA
Herbaceous,500.00,29.80,NA,NA,45,NA
Herbaceous,650.00,"	26.80",NA,NA,45,NA
Woody biomass,200.00,51.33,NA,NA,45,NA
Woody biomass,400.00,31.86,NA,NA,45,NA
Woody biomass,600.00,27.22,NA,NA,45,NA
Woody biomass,800.00,23.19,NA,NA,45,NA
Animal and human waste,500.00,63.10,NA,NA,45,NA
Animal and human waste,600.00,60.25,NA,NA,45,NA
Animal and human waste,700.00,58.66,NA,NA,45,NA
Animal and human waste,800.00,54.71,NA,NA,45,NA
Animal and human waste,900.00,53.31,NA,NA,45,NA
Woody biomass,300.00,60.70,NA,NA,45,NA
Woody biomass,400.00,33.50,NA,NA,45,NA
Woody biomass,500.00,14.40,NA,NA,45,NA
Woody biomass,500.00,16.70,NA,NA,45,NA
Woody biomass,600.00,16.60,NA,NA,45,NA
Woody biomass,700.00,15.80,NA,NA,45,NA
Woody biomass,800.00,15.50,NA,NA,45,NA
Woody biomass,500.00,28.60,NA,NA,45,NA
Woody biomass,600.00,22.00,NA,NA,45,NA
Woody biomass,,20.00,NA,NA,45,NA
Herbaceous,200.00,NA,64.19,NA,45,NA
Herbaceous,400.00,NA,76.83,NA,45,NA
Herbaceous,600.00,NA,82.93,NA,45,NA
Herbaceous,800.00,NA,84.97,NA,45,NA
Animal and human waste,300.00,72.30,NA,NA,45,NA
Animal and human waste,400.00,63.70,NA,NA,45,NA
Animal and human waste,500.00,57.90,NA,NA,45,NA
Animal and human waste,700.00,52.40,NA,NA,45,NA
Herbaceous,600.00,NA,41.57,NA,45,NA
Herbaceous,600.00,NA,39.33,NA,45,NA
Herbaceous,600.00,NA,15.81,NA,45,NA
Herbaceous,600.00,NA,7.91,NA,45,NA
Herbaceous,700.00,NA,53.85,NA,45,NA
Herbaceous,600.00,NA,37.87,NA,45,NA
Herbaceous,500.00,NA,4.75,NA,45,NA
Herbaceous,600.00,NA,80.91,NA,45,NA
Herbaceous,500.00,NA,4.36,NA,45,NA
Herbaceous,600.00,NA,18.49,NA,45,NA
Herbaceous,400.00,NA,82.55,NA,45,NA
Woody biomass,400.00,NA,74.70,NA,45,NA
Woody biomass,600.00,NA,"67.48	",NA,45,NA
Animal and human waste,400.00,NA,53.45,NA,45,NA
Herbaceous,400.00,NA,65.79,NA,45,NA
Animal and human waste,250.00,NA,47.46,NA,45,NA
Animal and human waste,250.00,NA,40.20,NA,45,NA
Woody biomass,500.00,NA,77.50,NA,45,NA
Woody biomass,400.00,NA,61.00,NA,45,NA
Woody biomass,700.00,28.00,NA,NA,45,NA
Herbaceous,700.00,20.00,NA,NA,45,NA
Herbaceous,650.00,21.00,NA,NA,45,NA
Herbaceous,600.00,24.00,NA,NA,45,NA
Woody biomass,500.00,31.00,NA,NA,45,NA
Woody biomass,300.00,67.00,NA,NA,45,NA
Woody biomass,700.00,25.00,NA,NA,45,NA
Woody biomass,700.00,25.00,NA,NA,45,NA
Woody biomass,700.00,25.00,NA,NA,45,NA
Herbaceous,700.00,25.00,NA,NA,45,NA
Herbaceous,630.00,25.00,NA,NA,45,NA
Herbaceous,750.00,25.00,NA,NA,45,NA
Herbaceous,600.00,40.00,NA,NA,45,NA
Herbaceous,600.00,40.00,NA,NA,45,NA
Herbaceous,550.00,25.00,NA,NA,45,NA
Herbaceous,700.00,38.00,NA,NA,45,NA
Herbaceous,500.00,31.00,NA,NA,45,NA
Herbaceous,600.00,29.00,NA,NA,45,NA
Herbaceous,300.00,NA,63.29,NA,45,NA
Herbaceous,450.00,NA,70.20,NA,45,NA
Herbaceous,600.00,NA,77.79,NA,45,NA
Animal and human waste,300.00,NA,36.48,NA,45,NA
Animal and human waste,450.00,NA,33.71,NA,45,NA
Animal and human waste,600.00,NA,35.55,NA,45,NA
Herbaceous,500.00,NA,66.80,NA,45,NA
Herbaceous,500.00,NA,85.90,NA,45,NA
Herbaceous,500.00,NA,73.40,NA,45,NA
Animal and human waste,500.00,NA,17.00,NA,45,NA
Woody biomass,300.00,NA,61.60,NA,45,NA
Herbaceous,300.00,NA,51.62,NA,45,NA
Herbaceous,500.00,NA,85.59,NA,45,NA
Woody biomass,500.00,NA,84.44,NA,45,NA
Herbaceous,500.00,NA,86.28,NA,45,NA
Woody biomass,500.00,NA,87.85,NA,45,NA
Woody biomass,500.00,NA,89.31,NA,45,NA
Woody biomass,500.00,NA,84.84,NA,45,NA
Animal and human waste,400.00,NA,22.60,NA,45,NA
Animal and human waste,450.00,NA,18.60,NA,45,NA
Animal and human waste,500.00,NA,17.70,NA,45,NA
Animal and human waste,550.00,NA,19.60,NA,45,NA
Animal and human waste,400.00,NA,60.20,NA,45,NA
Animal and human waste,600.00,NA,58.76,NA,45,NA
Animal and human waste,400.00,NA,44.13,NA,45,NA
Animal and human waste,600.00,NA,42.25,NA,45,NA
Herbaceous,300.00,41.50,NA,NA,45,NA
Herbaceous,350.00,37.10,NA,NA,45,NA
Herbaceous,400.00,33.70,NA,NA,45,NA
Herbaceous,450.00,31.00,NA,NA,45,NA
Herbaceous,500.00,29.30,NA,NA,45,NA
Herbaceous,550.00,27.60,NA,NA,45,NA
Herbaceous,600.00,27.30,NA,NA,45,NA
Animal and human waste,300.00,40.30,NA,NA,45,NA
Animal and human waste,350.00,33.40,NA,NA,45,NA
Animal and human waste,400.00,30.70,NA,NA,45,NA
Animal and human waste,450.00,27.80,NA,NA,45,NA
Animal and human waste,500.00,26.70,NA,NA,45,NA
Animal and human waste,550.00,26.10,NA,NA,45,NA
Animal and human waste,600.00,25.80,NA,NA,45,NA
Animal and human waste,300.00,24.70,NA,NA,45,NA
Animal and human waste,400.00,37.70,NA,NA,45,NA
Animal and human waste,450.00,29.00,NA,NA,45,NA
Animal and human waste,500.00,30.00,NA,NA,45,NA
Animal and human waste,550.00,27.70,NA,NA,45,NA
Animal and human waste,600.00,26.40,NA,NA,45,NA
Biosolid Sludge,300.00,49.00,NA,NA,45,NA
Biosolid Sludge,400.00,47.10,NA,NA,45,NA
Biosolid Sludge,500.00,36.00,NA,NA,45,NA
Biosolid Sludge,600.00,36.80,NA,NA,45,NA
Woody biomass,350.00,39.20,NA,NA,45,NA
Woody biomass,400.00,35.00,NA,NA,45,NA
Woody biomass,450.00,33.10,NA,NA,45,NA
Woody biomass,500.00,30.90,NA,NA,45,NA
Woody biomass,550.00,30.20,NA,NA,45,NA
Woody biomass,600.00,28.10,NA,NA,45,NA
Woody biomass,300.00,67.00,NA,NA,45,NA
Woody biomass,400.00,60.60,NA,NA,45,NA
Woody biomass,500.00,59.90,NA,NA,45,NA
Woody biomass,600.00,62.40,NA,NA,45,NA
Woody biomass,300.00,57.30,NA,NA,45,NA
Woody biomass,350.00,35.60,NA,NA,45,NA
Woody biomass,400.00,28.80,NA,NA,45,NA
Woody biomass,450.00,25.60,NA,NA,45,NA
Woody biomass,500.00,23.50,NA,NA,45,NA
Woody biomass,550.00,20.00,NA,NA,45,NA
Woody biomass,600.00,22.40,NA,NA,45,NA
Animal and human waste,300.00,74.70,NA,NA,45,NA
Animal and human waste,350.00,68.50,NA,NA,45,NA
Animal and human waste,400.00,66.50,NA,NA,45,NA
Animal and human waste,450.00,62.30,NA,NA,45,NA
Animal and human waste,500.00,65.80,NA,NA,45,NA
Animal and human waste,550.00,63.60,NA,NA,45,NA
Animal and human waste,600.00,64.70,NA,NA,45,NA
Others,350.00,46.50,NA,NA,45,NA
Others,450.00,36.40,NA,NA,45,NA
Others,550.00,33.80,NA,NA,45,NA
Others,650.00,30.50,NA,NA,45,NA
Others,350.00,43.90,NA,NA,45,NA
Others,450.00,35.80,NA,NA,45,NA
Others,550.00,33.10,NA,NA,45,NA
Others,650.00,29.60,NA,NA,45,NA
Woody biomass,200.00,NA,51.17,NA,45,NA
Woody biomass,300.00,NA,65.56,NA,45,NA
Woody biomass,400.00,NA,71.72,NA,45,NA
Woody biomass,500.00,NA,79.89,NA,45,NA
Woody biomass,600.00,NA,87.50,NA,45,NA
Woody biomass,700.00,NA,89.68,NA,45,NA
Woody biomass,800.00,NA,94.96,NA,45,NA
Herbaceous,420.00,57.00,95.80,54.61,45,121.35
Herbaceous,450.00,55.70,NA,NA,45,NA
Herbaceous,480.00,53.90,NA,NA,45,NA
Herbaceous,500.00,52.60,NA,NA,45,NA
Woody biomass,450.00,NA,63.58,NA,45,NA
Woody biomass,500.00,NA,63.84,NA,45,NA
Woody biomass,550.00,NA,62.83,NA,45,NA
Herbaceous,450.00,NA,58.82,NA,45,NA
Herbaceous,500.00,NA,54.97,NA,45,NA
Herbaceous,550.00,NA,44.19,NA,45,NA
Herbaceous,450.00,NA,59.38,NA,45,NA
Herbaceous,500.00,NA,57.93,NA,45,NA
Herbaceous,550.00,NA,55.24,NA,45,NA
Others,300.00,35.40,NA,NA,45,NA
Others,400.00,30.00,NA,NA,45,NA
Others,500.00,26.40,NA,NA,45,NA
Others,600.00,23.50,NA,NA,45,NA
Others,700.00,22.50,NA,NA,45,NA
Others,800.00,20.80,NA,NA,45,NA
Others,900.00,20.90,NA,NA,45,NA
Others,1000.00,19.90,NA,NA,45,NA
Woody biomass,227.10,46.20,NA,NA,45,NA
Woody biomass,327.10,39.80,NA,NA,45,NA
Woody biomass,428.60,336.70,NA,NA,45,NA
Woody biomass,528.60,34.40,NA,NA,45,NA
Woody biomass,628.60,32.60,NA,NA,45,NA
Woody biomass,728.60,31.50,NA,NA,45,NA
Woody biomass,825.70,31.00,NA,NA,45,NA
Woody biomass,227.10,43.60,NA,NA,45,NA
Woody biomass,328.60,37.50,NA,NA,45,NA
Woody biomass,427.10,34.80,NA,NA,45,NA
Woody biomass,528.60,30.70,NA,NA,45,NA
Woody biomass,627.10,29.00,NA,NA,45,NA
Woody biomass,728.60,28.90,NA,NA,45,NA
Woody biomass,828.60,28.40,NA,NA,45,NA
Woody biomass,227.10,41.60,NA,NA,45,NA
Woody biomass,328.60,37.20,NA,NA,45,NA
Woody biomass,427.10,33.80,NA,NA,45,NA
Woody biomass,528.60,31.30,NA,NA,45,NA
Woody biomass,628.60,29.80,NA,NA,45,NA
Woody biomass,728.60,29.70,NA,NA,45,NA
Woody biomass,827.10,29.20,NA,NA,45,NA
Woody biomass,401.40,42.50,NA,NA,45,NA
Woody biomass,502.90,27.90,NA,NA,45,NA
Woody biomass,551.40,24.60,NA,NA,45,NA
Woody biomass,700.00,20.00,NA,NA,45,NA
Herbaceous,227.10,31.10,NA,NA,45,NA
Herbaceous,328.60,25.50,NA,NA,45,NA
Herbaceous,428.60,22.30,NA,NA,45,NA
Herbaceous,527.10,20.80,NA,NA,45,NA
Herbaceous,627.10,19.50,NA,NA,45,NA
Herbaceous,728.60,19.00,NA,NA,45,NA
Herbaceous,828.60,18.40,NA,NA,45,NA
Herbaceous,898.00,18.30,NA,NA,45,NA
Herbaceous,748.56,20.40,NA,NA,45,NA
Herbaceous,824.60,19.40,NA,NA,45,NA
Woody biomass,304.47,36.80,NA,NA,45,NA
Woody biomass,353.67,32.60,NA,NA,45,NA
Woody biomass,404.15,30.70,NA,NA,45,NA
Woody biomass,500.00,28.30,NA,NA,45,NA
Woody biomass,553.67,26.60,NA,NA,45,NA
Woody biomass,276.36,41.80,NA,NA,45,NA
Woody biomass,377.32,37.00,NA,NA,45,NA
Woody biomass,477.64,34.20,NA,NA,45,NA
Woody biomass,576.68,32.00,NA,NA,45,NA
Woody biomass,677.64,31.00,NA,NA,45,NA
Woody biomass,776.04,30.50,NA,NA,45,NA
Woody biomass,399.68,31.60,NA,NA,45,NA
Woody biomass,500.00,23.80,NA,NA,45,NA
Woody biomass,599.04,22.50,NA,NA,45,NA
Woody biomass,699.36,21.30,NA,NA,45,NA
Woody biomass,799.04,20.60,NA,NA,45,NA
Woody biomass,897.44,18.60,NA,NA,45,NA
Herbaceous,400.32,32.30,NA,NA,45,NA
Herbaceous,450.16,28.80,NA,NA,45,NA
Herbaceous,500.00,26.50,NA,NA,45,NA
Herbaceous,549.84,26.20,NA,NA,45,NA
Herbaceous,599.68,24.00,NA,NA,45,NA
Woody biomass,305.11,28.30,NA,NA,45,NA
Woody biomass,403.51,26.30,NA,NA,45,NA
Woody biomass,503.19,25.60,NA,NA,45,NA
Woody biomass,553.67,25.40,NA,NA,45,NA
Woody biomass,701.92,23.50,NA,NA,45,NA
Woody biomass,400.32,46.80,NA,NA,45,NA
Woody biomass,501.28,41.20,NA,NA,45,NA
Woody biomass,549.84,38.40,NA,NA,45,NA
Woody biomass,698.72,36.20,NA,NA,45,NA
Woody biomass,399.68,33.60,NA,NA,45,NA
Woody biomass,599.04,26.70,NA,NA,45,NA
Woody biomass,699.36,24.80,NA,NA,45,NA
Woody biomass,799.68,23.20,NA,NA,45,NA
Woody biomass,898.72,22.00,NA,NA,45,NA
Herbaceous,400.32,25.20,NA,NA,45,NA
Herbaceous,499.36,20.30,NA,NA,45,NA
Herbaceous,549.20,19.00,NA,NA,45,NA
Herbaceous,600.32,18.00,NA,NA,45,NA
Herbaceous,699.36,18.00,NA,NA,45,NA
Herbaceous,300.64,35.20,NA,NA,45,NA
Herbaceous,400.32,18.40,NA,NA,45,NA
Herbaceous,500.64,15.60,NA,NA,45,NA
Herbaceous,599.68,13.30,NA,NA,45,NA
Herbaceous,699.36,11.40,NA,NA,45,NA
Herbaceous,799.04,11.00,NA,NA,45,NA
Herbaceous,600.32,23.00,NA,NA,45,NA
Herbaceous,703.19,16.80,NA,NA,45,NA
Herbaceous,753.04,16.20,NA,NA,45,NA
Herbaceous,828.43,14.60,NA,NA,45,NA
Herbaceous,901.28,14.00,NA,NA,45,NA
Herbaceous,500.64,32.60,NA,NA,45,NA
Herbaceous,599.68,31.00,NA,NA,45,NA
Herbaceous,699.36,28.90,NA,NA,45,NA
Herbaceous,799.04,28.00,NA,NA,45,NA
Herbaceous,898.72,26.30,NA,NA,45,NA
Herbaceous,500.00,29.60,NA,NA,45,NA
Woody biomass,500.00,19.30,NA,NA,45,NA
Woody biomass,500.00,NA,83.60,NA,45,NA
Woody biomass,1000.00,NA,92.90,NA,45,NA
Woody biomass,500.00,NA,54.00,NA,45,NA
Herbaceous,425.00,NA,67.75,NA,45,NA
Woody biomass,500.00,NA,50.50,NA,45,NA
Woody biomass,1200.00,NA,56.10,NA,45,NA
Woody biomass,650.00,NA,"	86,82",NA,45,NA
Herbaceous,700.00,NA,72.60,NA,45,NA
Herbaceous,700.00,NA,26.70,NA,45,NA
Herbaceous,700.00,NA,28.30,NA,45,NA
Herbaceous,700.00,NA,26.60,NA,45,NA
Woody biomass,650.00,NA,67.30,NA,45,NA
Herbaceous,450.00,NA,59.88,NA,45,NA
Herbaceous,700.00,NA,73.00,NA,45,NA
Woody biomass,700.00,NA,86.00,NA,45,NA
Woody biomass,500.00,NA,50.80,NA,45,NA
Animal and human waste,400.00,NA,44.13,NA,45,NA
Animal and human waste,400.00,NA,60.20,NA,45,NA
Herbaceous,300.00,NA,68.81,NA,45,NA
Herbaceous,700.00,NA,68.27,NA,45,NA
Herbaceous,300.00,NA,68.27,NA,45,NA
Herbaceous,700.00,NA,83.76,NA,45,NA
Herbaceous,400.00,NA,44.20,NA,45,NA
Herbaceous,460.00,NA,65.70,NA,45,NA
Herbaceous,525.00,NA,72.40,NA,45,NA
Herbaceous,400.00,NA,48.40,NA,45,NA
Herbaceous,460.00,NA,63.50,NA,45,NA
Herbaceous,525.00,NA,78.30,NA,45,NA
Woody biomass,620.00,NA,81.20,NA,45,NA
Animal and human waste,600.00,NA,18.70,NA,45,NA
Herbaceous,250.00,NA,56.50,NA,45,NA
Herbaceous,400.00,NA,65.70,NA,45,NA
Herbaceous,700.00,NA,67.00,NA,45,NA
Animal and human waste,450.00,NA,48.10,NA,45,NA
Herbaceous,450.00,NA,50.78,NA,45,NA
Animal and human waste,500.00,NA,33.61,NA,45,NA
Herbaceous,500.00,NA,23.10,NA,45,NA
Animal and human waste,350.00,NA,25.20,NA,45,NA
Woody biomass,450.00,NA,71.70,NA,45,NA
Woody biomass,450.00,NA,63.16,NA,45,NA
Herbaceous,450.00,NA,50.96,NA,45,NA
Herbaceous,450.00,NA,60.32,NA,45,NA
Herbaceous,750.00,NA,46.80,NA,45,NA
Woody biomass,1200.00,NA,65.30,NA,45,NA
Woody biomass,750.00,NA,48.40,NA,45,NA
Herbaceous,750.00,NA,59.30,NA,45,NA
Woody biomass,750.00,NA,50.40,NA,45,NA
Herbaceous,1200.00,NA,80.60,NA,45,NA
Herbaceous,230.00,NA,51.90,NA,45,NA
Herbaceous,180.00,NA,29.80,NA,45,NA
Herbaceous,375.00,NA,78.20,NA,45,NA
Herbaceous,375.00,NA,72.19,NA,45,NA
Herbaceous,300.00,NA,56.30,NA,45,NA
Herbaceous,300.00,NA,70.50,NA,45,NA
Herbaceous,230.00,NA,71.38,NA,45,NA
Animal and human waste,240.00,NA,23.90,NA,45,NA
Woody biomass,200.00,NA,68.47,NA,45,NA
Animal and human waste,300.00,NA,45.50,NA,45,NA
Animal and human waste,450.00,NA,42.40,NA,45,NA
Animal and human waste,600.00,NA,39.50,NA,45,NA
Herbaceous,500.00,NA,79.00,NA,45,NA
Herbaceous,500.00,NA,54.60,NA,45,NA
Herbaceous,400.00,NA,76.90,NA,45,NA
Herbaceous,700.00,NA,79.70,NA,45,NA
Herbaceous,350.00,NA,63.00,NA,45,NA
Herbaceous,650.00,NA,64.70,NA,45,NA
Herbaceous,350.00,NA,48.80,NA,45,NA
Herbaceous,650.00,NA,49.60,NA,45,NA
Herbaceous,350.00,NA,62.10,NA,45,NA
Herbaceous,650.00,NA,62.80,NA,45,NA
Woody biomass,500.00,NA,81.40,NA,45,NA
Woody biomass,500.00,NA,86.20,NA,45,NA
Herbaceous,500.00,NA,62.30,NA,45,NA
herbaceous,500.00,NA,77.60,NA,45,NA
Herbaceous,500.00,NA,57.20,NA,45,NA
Animal and human waste,500.00,NA,50.50,NA,45,NA
Animal and human waste,500.00,NA,33.80,NA,45,NA
Biosolid Sludge,500.00,NA,21.60,NA,45,NA
Herbaceous,350.00,NA,66.14,NA,45,NA
Herbaceous,450.00,NA,74.93,NA,45,NA
Herbaceous,550.00,NA,84.03,NA,45,NA
Herbaceous,650.00,NA,95.13,NA,45,NA
Herbaceous,350.00,NA,70.87,NA,45,NA
Herbaceous,450.00,NA,76.86,NA,45,NA
Herbaceous,550.00,NA,89.98,NA,45,NA
Herbaceous,650.00,NA,89.61,NA,45,NA
Herbaceous,350.00,NA,47.99,NA,45,NA
Herbaceous,500.00,NA,44.64,NA,45,NA
Herbaceous,650.00,NA,42.95,NA,45,NA
Herbaceous,200.00,NA,34.91,NA,45,NA
Herbaceous,300.00,NA,39.78,NA,45,NA
Herbaceous,400.00,NA,40.44,NA,45,NA
Herbaceous,500.00,NA,40.90,NA,45,NA
Herbaceous,600.00,NA,42.17,NA,45,NA
Herbaceous,700.00,NA,42.82,NA,45,NA
Herbaceous,800.00,NA,43.95,NA,45,NA
Herbaceous,300.00,NA,45.99,NA,45,NA
Herbaceous,400.00,NA,44.23,NA,45,NA
Herbaceous,500.00,NA,42.63,NA,45,NA
Herbaceous,600.00,NA,38.84,NA,45,NA
Herbaceous,700.00,NA,28.44,NA,45,NA
Woody biomass,350.00,43.31,NA,NA,45,NA
Woody biomass,450.00,33.18,NA,NA,45,NA
Woody biomass,550.00,27.18,NA,NA,45,NA
Woody biomass,650.00,22.13,NA,NA,45,NA
Herbaceous,300.00,32.80,NA,NA,45,NA
Herbaceous,600.00,31.90,NA,NA,45,NA
Woody biomass,300.00,39.30,NA,NA,45,NA
Woody biomass,600.00,26.70,NA,NA,45,NA
Herbaceous,300.00,39.60,NA,NA,45,NA
Herbaceous,600.00,32.80,NA,NA,45,NA
Biosolid Sludge,300.00,78.70,NA,NA,45,NA
Biosolid Sludge,600.00,46.00,NA,NA,45,NA
Woody biomass,500.00,28.00,NA,NA,45,NA
Woody biomass,600.00,16.50,NA,NA,45,NA
Biosolid Sludge,400.00,44.26,46.89,20.75,45,46.12
Biosolid Sludge,500.00,42.97,48.34,20.77,45,46.16
Biosolid Sludge,600.00,41.80,50.41,21.07,45,46.83
Biosolid Sludge,700.00,37.57,50.21,18.86,45,41.92
Biosolid Sludge,800.00,36.13,50.19,18.13,45,40.30
Biosolid Sludge,300.00,72.40,5.92,4.29,45,9.52
Biosolid Sludge,400.00,71.64,5.91,4.23,45,9.41
Biosolid Sludge,500.00,68.55,2.86,1.96,45,4.36
Biosolid Sludge,300.00,60.55,19.97,12.09,45,26.87
Biosolid Sludge,400.00,56.61,19.34,10.95,45,24.33
Biosolid Sludge,500.00,52.11,11.21,5.84,45,12.98
Others,350.00,87.66,NA,NA,45,NA
Others,400.00,80.47,NA,NA,45,NA
Others,450.00,78.60,NA,NA,45,NA
Others,474.67,63.29,NA,NA,45,NA
Herbaceous,400.00,NA,70.91,NA,45,NA
Mixture,400.00,NA,65.31,NA,45,NA
Mixture,400.00,NA,59.75,NA,45,NA
Mixture,400.00,NA,47.89,NA,45,NA
Herbaceous,400.00,NA,43.04,NA,45,NA
Woody biomass,500.00,12.00,NA,NA,45,NA
Woody biomass,1000.00,10.00,NA,NA,45,NA
Herbaceous,NA,NA,47.40,NA,45,NA
Herbaceous,NA,NA,43.60,NA,45,NA
Herbaceous,NA,NA,43.28,NA,45,NA
Woody biomass,NA,NA,64.23,NA,45,NA
Herbaceous,NA,NA,47.75,NA,45,NA
Herbaceous,NA,NA,42.95,NA,45,NA
Herbaceous,NA,NA,41.92,NA,45,NA
Herbaceous,NA,NA,40.06,NA,45,NA
Herbaceous,NA,NA,43.92,NA,45,NA
Herbaceous,NA,NA,44.47,NA,45,NA
Herbaceous,NA,NA,41.78,NA,45,NA
Herbaceous,NA,NA,43.95,NA,45,NA
Herbaceous,NA,NA,43.50,NA,45,NA
Herbaceous,NA,NA,41.88,NA,45,NA
Herbaceous,NA,NA,45.41,NA,45,NA
Herbaceous,NA,NA,44.40,NA,45,NA
Herbaceous,NA,NA,46.92,NA,45,NA
Herbaceous,NA,NA,44.96,NA,45,NA
Herbaceous,NA,NA,43.68,NA,45,NA
Woody biomass,260.00,45.00,NA,NA,45,NA
Herbaceous,100.00,81.50,NA,NA,45,NA
Biosolid Sludge,250.00,69.86,NA,NA,45,NA
Herbaceous,260.00,54.00,NA,NA,45,NA
Herbaceous,NA,64.00,NA,NA,45,NA
Woody biomass,240.00,48.54,NA,NA,45,NA
Herbaceous,175.00,54.00,NA,NA,45,NA
Woody biomass,220.00,66.70,NA,NA,45,NA
Animal and human waste,225.00,60.00,NA,NA,45,NA
Woody biomass,270.00,45.60,NA,NA,45,NA
Woody biomass,140.00,,,,45,
Biosolid Sludge,120.00,87.90,NA,NA,45,NA
Herbaceous,150.00,72.00,NA,NA,45,NA
Animal and human waste,180.00,53.80,NA,NA,45,NA
Woody biomass,220.00,67.42,NA,NA,45,NA
Herbaceous,175.00,69.40,NA,NA,45,NA
Herbaceous,300.00,37.71,NA,NA,45,NA
Woody biomass,400.00,39.40,NA,NA,45,NA
Herbaceous,350.00,45.70,NA,NA,45,NA
Woody biomass,400.00,43.13,NA,NA,45,NA
Woody biomass,300.00,80.00,NA,NA,45,NA
Herbaceous,400.00,34.18,NA,NA,45,NA
Biosolid Sludge,300.00,90.14,NA,NA,45,NA
Woody biomass,177.00,44.50,NA,NA,45,NA
Animal and human waste,300.00,78.00,NA,NA,45,NA
Herbaceous,300.00,47.97,57.78,27.72,45,61.59
Herbaceous,400.00,37.42,58.13,21.75,45,48.34
Herbaceous,500.00,30.85,60.36,18.62,45,41.38
Herbaceous,600.00,27.28,63.18,17.24,45,38.30
Herbaceous,500.00,30.12,72.86,21.95,45,48.77
Herbaceous,350.00,42.38,56.29,23.86,45,53.01
Herbaceous,400.00,38.04,57.12,21.73,45,48.29
Herbaceous,450.00,33.72,57.53,19.40,45,43.11
Herbaceous,500.00,33.50,65.74,22.02,45,48.94
Herbaceous,550.00,32.15,69.04,22.20,45,49.33
Herbaceous,600.00,30.18,71.56,21.60,45,47.99
Herbaceous,650.00,29.80,72.95,21.74,45,48.31
Herbaceous,300.00,48.50,62.17,30.15,45,67.01
Herbaceous,350.00,42.50,66.32,28.19,45,62.64
Herbaceous,400.00,38.50,72.28,27.83,45,61.84
Herbaceous,500.00,34.20,74.64,25.53,45,56.73
Herbaceous,600.00,30.50,77.10,23.52,45,52.26
Herbaceous,300.00,44.40,65.26,28.98,45,64.39
Herbaceous,350.00,41.70,66.97,27.93,45,62.06
Herbaceous,400.00,40.00,72.25,28.90,45,64.22
Herbaceous,500.00,33.40,73.12,24.42,45,54.27
Herbaceous,600.00,30.60,78.61,24.05,45,53.45
Herbaceous,300.00,56.18,44.38,24.93,45,55.41
Herbaceous,400.00,49.73,48.29,24.01,45,53.37
Herbaceous,500.00,43.50,51.69,22.49,45,49.97
Herbaceous,600.00,41.24,52.61,21.70,45,48.21
Herbaceous,300.00,52.00,57.47,29.88,45,66.41
Herbaceous,500.00,17.00,60.73,10.32,45,22.94
Herbaceous,250.00,75.70,NA,NA,45,NA
Herbaceous,350.00,50.60,NA,NA,45,NA
Herbaceous,450.00,42.00,NA,NA,45,NA
Herbaceous,550.00,40.00,NA,NA,45,NA
Herbaceous,300.00,46.59,47.17,21.98,45,48.84
Herbaceous,500.00,34.97,53.39,18.67,45,41.49
Herbaceous,700.00,28.20,51.34,14.48,45,32.17
Herbaceous,400.00,NA,68.40,NA,45,NA
Herbaceous,450.00,NA,72.20,NA,45,NA
Herbaceous,500.00,NA,77.50,NA,45,NA
Herbaceous,350.00,70.00,50.95,35.67,45,79.26
Herbaceous,360.00,73.00,51.83,37.84,45,84.08
Herbaceous,400.00,37.00,69.84,25.84,45,57.42
Herbaceous,450.00,31.00,72.61,22.51,45,50.02
Herbaceous,550.00,22.81,75.41,17.20,45,38.22
Herbaceous,700.00,21.07,79.18,16.68,45,37.07
Herbaceous,300.00,46.25,65.12,30.12,45,66.93
Herbaceous,600.00,38.07,73.79,28.09,45,62.43
Herbaceous,300.00,38.40,60.15,23.10,45,51.33
Herbaceous,350.00,31.00,65.83,20.41,45,45.35
Herbaceous,400.00,26.90,72.30,19.45,45,43.22
Herbaceous,600.00,29.98,77.41,23.21,45,51.57
Herbaceous,300.00,NA,"
65,20",NA,45,NA
Herbaceous,400.00,NA,72.20,NA,45,NA
Herbaceous,500.00,NA,73.00,NA,45,NA
Herbaceous,600.00,NA,78.70,NA,45,NA
Herbaceous,300.00,58.64,47.19,27.67,45,61.49
Herbaceous,400.00,46.42,48.58,22.55,45,50.11
Herbaceous,500.00,42.86,49.85,21.37,45,47.48
Herbaceous,600.00,40.52,50.39,20.42,45,45.37
Herbaceous,300.00,33.00,53.99,17.82,45,39.59
Herbaceous,500.00,24.70,57.43,14.19,45,31.52
Herbaceous,500.00,NA,64.36,NA,45,NA
Herbaceous,300.00,43.64,59.34,25.90,45,57.55
Herbaceous,500.00,31.18,63.86,19.91,45,44.25
Herbaceous,700.00,26.90,63.96,17.21,45,38.23
Others,1000.00,10.00,NA,NA,45,NA
Others,150.00,35.00,NA,NA,45,NA
Herbaceous,400.00,NA,34.18,NA,45,NA
Biosolid Sludge,300.00,NA,90.14,NA,45,NA
Woody biomass,177.00,NA,44.50,NA,45,NA
Animal and human waste,300.00,NA,78.00,NA,45,NA
Herbaceous,300.00,NA,37.71,NA,45,NA
Woody biomass,400.00,NA,39.40,NA,45,NA
Woody biomass,350.00,NA,45.70,NA,45,NA
Woody biomass,400.00,NA,"
43.13",NA,45,NA
Woody biomass,300.00,NA,80.00,NA,45,NA
Herbaceous,260.00,NA,45.00,NA,45,NA
Biosolid Sludge,200.00,NA,,NA,45,NA
Herbaceous,100.00,NA,81.50,NA,45,NA
Biosolid Sludge,250.00,NA,69.86,NA,45,NA
Herbaceous,260.00,NA,54.00,NA,45,NA
Herbaceous,216.00,NA,64.00,NA,45,
Woody biomass,240.00,NA,48.54,NA,45,NA
Herbaceous,175.00,NA,54.00,NA,45,NA
Woody biomass,220.00,NA,66.70,NA,45,NA
Animal and human waste,225.00,NA,60.00,NA,45,NA
Woody biomass,270.00,NA,45.60,NA,45,NA
Woody biomass,140.00,NA,90.00,NA,45,NA
Herbaceous,120.00,NA,87.90,NA,45,NA
Herbaceous,150.00,NA,72.00,NA,45,NA
Animal and human waste,150.00,NA,94.00,NA,45,NA
Animal and human waste,180.00,NA,53.80,NA,45,NA
Woody biomass,220.00,NA,67.42,NA,45,NA
Herbaceous,175.00,NA,69.40,NA,45,NA
Others,700.00,19.00,84.70,16.09,45,35.76
Others,700.00,27.00,53.40,14.42,45,32.04
Others,700.00,15.00,92.50,13.88,45,30.83
Others,700.00,13.00,63.90,8.31,45,18.46
Others,700.00,13.00,69.70,9.06,45,20.14
Others,700.00,NA,87.20,NA,45,NA
Woody biomass,230.00,95.10,NA,NA,45,NA
Woody biomass,250.00,89.60,NA,NA,45,NA
Woody biomass,270.00,79.80,NA,NA,45,NA
Woody biomass,290.00,72.00,NA,NA,45,NA
Woody biomass,225.00,92.40,NA,NA,45,NA
Woody biomass,225.00,91.20,NA,NA,45,NA
Woody biomass,275.00,79.30,NA,NA,45,NA
Woody biomass,275.00,75.70,NA,NA,45,NA
Woody biomass,300.00,69.60,NA,NA,45,NA
Woody biomass,300.00,57.50,NA,NA,45,NA
Woody biomass,225.00,92.70,NA,NA,45,NA
Woody biomass,225.00,90.00,NA,NA,45,NA
Woody biomass,275.00,71.60,NA,NA,45,NA
Woody biomass,275.00,69.40,NA,NA,45,NA
Woody biomass,300.00,55.60,NA,NA,45,NA
Woody biomass,300.00,46.20,NA,NA,45,NA
Woody biomass,225.00,90.40,NA,NA,45,NA
Woody biomass,225.00,81.50,NA,NA,45,NA
Woody biomass,225.00,72.50,NA,NA,45,NA
Woody biomass,275.00,68.50,NA,NA,45,NA
Woody biomass,300.00,63.00,NA,NA,45,NA
Woody biomass,300.00,60.50,NA,NA,45,NA
Woody biomass,250.00,90.70,NA,NA,45,NA
Woody biomass,270.00,85.00,NA,NA,45,NA
Woody biomass,270.00,76.70,NA,NA,45,NA
Woody biomass,290.00,72.20,NA,NA,45,NA
Woody biomass,100.00,91.20,NA,NA,45,NA
Woody biomass,300.00,48.60,NA,NA,45,NA
Woody biomass,300.00,57.60,NA,NA,45,NA
Woody biomass,300.00,60.70,NA,NA,45,NA
Woody biomass,300.00,,,,45,
Woody biomass,300.00,,,,45,
Animal and human waste,300.00,,,,45,
Woody biomass,200.00,97.00,NA,NA,45,NA
Herbaceous,300.00,52.00,NA,NA,45,NA
Herbaceous,200.00,,,,45,
Woody biomass,250.00,,,,45,
Woody biomass,300.00,,,,45,
Woody biomass,325.00,,,,45,
Woody biomass,200.00,,,,45,
Woody biomass,250.00,,,,45,
Woody biomass,300.00,,,,45,
Woody biomass,200.00,,,,45,
Woody biomass,250.00,,,,45,
Woody biomass,300.00,,,,45,
Woody biomass,300.00,,,,45,
Woody biomass,200.00,,,,45,
Woody biomass,250.00,,,,45,
Woody biomass,300.00,,,,45,
Woody biomass,160.00,,,,45,
Woody biomass,180.00,,,,45,
Woody biomass,230.00,,,,45,
Woody biomass,270.00,,,,45,
Animal and human waste,210.00,,,,45,
Animal and human waste,300.00,,,,45,
Animal and human waste,300.00,42.00,NA,NA,45,NA
Animal and human waste,300.00,73.80,NA,NA,45,NA
Animal and human waste,300.00,42.00,NA,NA,45,NA
Animal and human waste,300.00,42.00,NA,NA,45,NA
Animal and human waste,300.00,42.00,NA,NA,45,NA
Animal and human waste,100.00,,,,45,
Animal and human waste,200.00,,,,45,
Animal and human waste,300.00,51.90,NA,NA,45,NA
Animal and human waste,300.00,60.00,NA,NA,45,NA
Animal and human waste,350.00,58.10,NA,NA,45,NA
Animal and human waste,300.00,59.50,NA,NA,45,NA
Animal and human waste,300.00,73.00,NA,NA,45,NA
Animal and human waste,200.00,75.30,NA,NA,45,NA
Woody biomass,300.00,60.70,NA,NA,45,NA
Herbaceous,300.00,72.30,NA,NA,45,NA
Herbaceous,230.00,92.60,NA,NA,45,NA
Herbaceous,250.00,84.00,NA,NA,45,NA
Herbaceous,270.00,72.00,NA,NA,45,NA
Herbaceous,290.00,64.50,NA,NA,45,NA
Herbaceous,230.00,91.00,NA,NA,45,NA
Herbaceous,250.00,82.60,NA,NA,45,NA
Herbaceous,270.00,71.50,NA,NA,45,NA
Herbaceous,290.00,55.10,NA,NA,45,NA
Herbaceous,220.00,,,,45,
Herbaceous,250.00,,,,45,
Herbaceous,280.00,,,,45,
Herbaceous,300.00,,,,45,
Herbaceous,300.00,61.60,NA,NA,45,NA
Herbaceous,200.00,69.90,NA,NA,45,NA
Herbaceous,200.00,,,,45,
Herbaceous,300.00,53.80,NA,NA,45,NA
Herbaceous,150.00,82.40,NA,NA,45,NA
Herbaceous,250.00,61.60,NA,NA,45,NA
Herbaceous,100.00,,,,45,
Woody biomass,350.00,42.60,NA,NA,45,NA
Woody biomass,450.00,42.40,NA,NA,45,NA
Woody biomass,550.00,36.40,NA,NA,45,NA
Woody biomass,650.00,33.30,NA,NA,45,NA
Woody biomass,400.00,51.00,NA,NA,45,NA
Woody biomass,500.00,24.00,NA,NA,45,NA
Woody biomass,550.00,30.00,NA,NA,45,NA
Woody biomass,550.00,28.00,NA,NA,45,NA
Woody biomass,400.00,38.70,NA,NA,45,NA
Woody biomass,600.00,25.80,NA,NA,45,NA
Woody biomass,800.00,25.60,NA,NA,45,NA
Woody biomass,400.00,28.30,NA,NA,45,NA
Woody biomass,500.00,15.50,NA,NA,45,NA
Woody biomass,600.00,28.30,NA,NA,45,NA
Woody biomass,700.00,15.50,NA,NA,45,NA
Woody biomass,800.00,15.50,NA,NA,45,NA
Woody biomass,350.00,32.60,NA,NA,45,NA
Woody biomass,500.00,17.30,NA,NA,45,NA
Woody biomass,700.00,15.30,NA,NA,45,NA
Woody biomass,450.00,41.90,NA,NA,45,NA
Woody biomass,550.00,37.20,NA,NA,45,NA
Woody biomass,650.00,32.80,NA,NA,45,NA
Woody biomass,750.00,31.00,NA,NA,45,NA
Woody biomass,850.00,28.90,NA,NA,45,NA
Herbaceous,300.00,98.40,NA,NA,45,NA
Herbaceous,450.00,31.30,NA,NA,45,NA
Herbaceous,450.00,,,,45,
Herbaceous,600.00,27.80,NA,NA,45,NA
Herbaceous,600.00,24.40,NA,NA,45,NA
Herbaceous,750.00,24.90,NA,NA,45,NA
Herbaceous,750.00,26.40,NA,NA,45,NA
Woody biomass,300.00,23.70,NA,NA,45,NA
Woody biomass,300.00,89.80,NA,NA,45,NA
Woody biomass,450.00,43.70,NA,NA,45,NA
Woody biomass,450.00,29.20,NA,NA,45,NA
Animal and human waste,400.00,31.00,NA,NA,45,NA
Animal and human waste,500.00,26.00,NA,NA,45,NA
Animal and human waste,600.00,21.00,NA,NA,45,NA
Animal and human waste,400.00,67.70,NA,NA,45,NA
Animal and human waste,500.00,66.10,NA,NA,45,NA
Animal and human waste,600.00,64.90,NA,NA,45,NA
Animal and human waste,400.00,31.00,NA,NA,45,NA
Animal and human waste,500.00,26.00,NA,NA,45,NA
Animal and human waste,600.00,21.00,NA,NA,45,NA
Animal and human waste,400.00,31.00,NA,NA,45,NA
Animal and human waste,500.00,26.00,NA,NA,45,NA
Animal and human waste,600.00,21.00,NA,NA,45,NA
Animal and human waste,350.00,59.60,NA,NA,45,NA
Animal and human waste,450.00,47.10,NA,NA,45,NA
Animal and human waste,550.00,42.00,NA,NA,45,NA
Animal and human waste,650.00,40.20,NA,NA,45,NA
Animal and human waste,400.00,44.50,NA,NA,45,NA
Animal and human waste,500.00,40.60,NA,NA,45,NA
Animal and human waste,600.00,37.90,NA,NA,45,NA
Animal and human waste,700.00,35.50,NA,NA,45,NA
Animal and human waste,800.00,33.80,NA,NA,45,NA
Animal and human waste,800.00,35.00,NA,NA,45,NA
Herbaceous,700.00,21.90,NA,NA,45,NA
Herbaceous,300.00,94.80,NA,NA,45,NA
Herbaceous,300.00,36.80,NA,NA,45,NA
Herbaceous,450.00,28.50,NA,NA,45,NA
Herbaceous,450.00,27.50,NA,NA,45,NA
Herbaceous,600.00,25.40,NA,NA,45,NA
Herbaceous,600.00,25.20,NA,NA,45,NA
Herbaceous,750.00,23.70,NA,NA,45,NA
Herbaceous,750.00,24.40,NA,NA,45,NA
Woody biomass,400.00,31.00,NA,NA,45,NA
Woody biomass,500.00,26.00,NA,NA,45,NA
Woody biomass,600.00,21.00,NA,NA,45,NA
Woody biomass,400.00,31.00,NA,NA,45,NA
Woody biomass,500.00,26.00,NA,NA,45,NA
Woody biomass,600.00,21.00,NA,NA,45,NA
Woody biomass,450.00,26.60,NA,NA,45,NA
Woody biomass,600.00,15.20,NA,NA,45,NA
Woody biomass,800.00,9.50,NA,NA,45,NA
Woody biomass,500.00,14.40,NA,NA,45,NA
Woody biomass,400.00,55.00,NA,NA,45,NA
Woody biomass,400.00,55.00,NA,NA,45,NA
Woody biomass,800.00,17.70,NA,NA,45,NA
Woody biomass,300.00,47.94,NA,NA,45,NA
Woody biomass,400.00,35.49,NA,NA,45,NA
Woody biomass,500.00,31.73,NA,NA,45,NA
Woody biomass,600.00,28.48,NA,NA,45,NA
Animal and human waste,600.00,46.00,NA,NA,45,NA
Animal and human waste,500.00,54.90,NA,NA,45,NA
Animal and human waste,700.00,35.00,NA,NA,45,NA
Animal and human waste,500.00,44.50,NA,NA,45,NA
Animal and human waste,800.00,33.80,NA,NA,45,NA
Animal and human waste,700.00,30.60,NA,NA,45,NA
Animal and human waste,500.00,62.30,NA,NA,45,NA
Animal and human waste,500.00,72.30,NA,NA,45,NA
Animal and human waste,400.00,63.70,NA,NA,45,NA
Animal and human waste,500.00,57.90,NA,NA,45,NA
Animal and human waste,700.00,52.40,NA,NA,45,NA
Herbaceous,400.00,34.18,NA,NA,45,NA
Herbaceous,600.00,26.06,NA,NA,45,NA
Herbaceous,400.00,29.70,NA,NA,45,NA
Herbaceous,600.00,24.80,NA,NA,45,NA
Herbaceous,450.00,31.30,NA,NA,45,NA
Herbaceous,600.00,16.90,NA,NA,45,NA
Herbaceous,800.00,11.40,NA,NA,45,NA
Animal and human waste,750.00,21.40,NA,NA,45,NA
Animal and human waste,850.00,32.80,NA,NA,45,NA
Animal and human waste,950.00,52.20,NA,NA,45,NA
Herbaceous,700.00,10.00,NA,NA,45,NA
Herbaceous,500.00,29.80,NA,NA,45,NA
Herbaceous,500.00,27.80,NA,NA,45,NA
Woody biomass,500.00,28.30,NA,NA,45,NA
Woody biomass,500.00,32.00,NA,NA,45,NA
Herbaceous,500.00,58.40,NA,NA,45,NA
Herbaceous,500.00,40.20,NA,NA,45,NA
Woody biomass,500.00,36.60,NA,NA,45,NA
Animal and human waste,500.00,45.90,NA,NA,45,NA
Animal and human waste,500.00,33.40,NA,NA,45,NA
Animal and human waste,500.00,38.50,NA,NA,45,NA
Animal and human waste,500.00,57.20,NA,NA,45,NA
Woody biomass,400.00,56.00,NA,NA,45,NA
Woody biomass,400.00,56.80,NA,NA,45,NA
Woody biomass,500.00,52.80,NA,NA,45,NA
Woody biomass,500.00,53.80,NA,NA,45,NA
Herbaceous,600.00,49.00,NA,NA,45,NA
Herbaceous,600.00,51.00,NA,NA,45,NA
Herbaceous,700.00,47.40,NA,NA,45,NA
Herbaceous,700.00,48.60,NA,NA,45,NA
Herbaceous,300.00,54.38,NA,NA,45,NA
Herbaceous,300.00,55.71,NA,NA,45,NA
Herbaceous,400.00,40.47,NA,NA,45,NA
Herbaceous,400.00,39.04,NA,NA,45,NA
Herbaceous,500.00,35.63,NA,NA,45,NA
Herbaceous,500.00,34.83,NA,NA,45,NA
Herbaceous,600.00,35.36,NA,NA,45,NA
Herbaceous,600.00,35.01,NA,NA,45,NA
Herbaceous,400.00,37.00,NA,NA,45,NA
Herbaceous,400.00,36.00,NA,NA,45,NA
Herbaceous,450.00,34.00,NA,NA,45,NA
Herbaceous,450.00,32.30,NA,NA,45,NA
Herbaceous,500.00,32.00,NA,NA,45,NA
Herbaceous,500.00,32.00,NA,NA,45,NA
Herbaceous,400.00,39.00,NA,NA,45,NA
Herbaceous,400.00,39.00,NA,NA,45,NA
Herbaceous,450.00,34.00,NA,NA,45,NA
Herbaceous,450.00,35.00,NA,NA,45,NA
Herbaceous,500.00,32.80,NA,NA,45,NA
Herbaceous,500.00,34.00,NA,NA,45,NA
Herbaceous,300.00,39.20,NA,NA,45,NA
Herbaceous,300.00,47.00,NA,NA,45,NA
Herbaceous,350.00,35.60,NA,NA,45,NA
Herbaceous,350.00,42.00,NA,NA,45,NA
Herbaceous,400.00,34.20,NA,NA,45,NA
Herbaceous,400.00,38.00,NA,NA,45,NA
Herbaceous,450.00,33.20,NA,NA,45,NA
Herbaceous,450.00,37.00,NA,NA,45,NA
Herbaceous,600.00,36.21,NA,NA,45,NA
Herbaceous,600.00,36.84,NA,NA,45,NA
Herbaceous,690.00,26.09,NA,NA,45,NA
Herbaceous,690.00,27.27,NA,NA,45,NA
Animal and human waste,600.00,54.43,NA,NA,45,NA
Animal and human waste,600.00,50.19,NA,NA,45,NA
Herbaceous,400.00,44.62,NA,NA,45,NA
Herbaceous,400.00,49.21,NA,NA,45,NA
Herbaceous,500.00,36.79,NA,NA,45,NA
Herbaceous,500.00,40.81,NA,NA,45,NA
Herbaceous,600.00,33.60,NA,NA,45,NA
Herbaceous,600.00,33.55,NA,NA,45,NA
Herbaceous,700.00,31.70,NA,NA,45,NA
Herbaceous,700.00,18.97,NA,NA,45,NA
Biosolid Sludge,700.00,44.40,NA,NA,45,NA
Biosolid Sludge,700.00,40.30,NA,NA,45,NA
Herbaceous,400.00,40.42,NA,NA,45,NA
Herbaceous,400.00,40.35,NA,NA,45,NA
Herbaceous,600.00,33.49,NA,NA,45,NA
Herbaceous,600.00,,,,45,
Woody biomass,600.00,NA,87.81,NA,45,NA
Woody biomass,600.00,NA,88.92,NA,45,NA
Woody biomass,600.00,NA,91.13,NA,45,NA
Woody biomass,600.00,NA,91.91,NA,45,NA
Woody biomass,600.00,NA,93.51,NA,45,NA
Herbaceous,300.00,NA,45.73,NA,45,NA
Herbaceous,300.00,NA,44.35,NA,45,NA
Herbaceous,400.00,NA,48.05,NA,45,NA
Herbaceous,400.00,NA,46.64,NA,45,NA
Herbaceous,600.00,NA,47.80,NA,45,NA
Herbaceous,600.00,NA,47.03,NA,45,NA
Herbaceous,400.00,NA,71.30,NA,45,NA
Herbaceous,400.00,NA,72.60,NA,45,NA
Herbaceous,500.00,NA,77.30,NA,45,NA
Herbaceous,500.00,NA,85.00,NA,45,NA
Herbaceous,600.00,NA,79.20,NA,45,NA
Herbaceous,600.00,NA,86.00,NA,45,NA
Herbaceous,650.00,NA,86.63,NA,45,NA
Herbaceous,650.00,NA,83.85,NA,45,NA
Woody biomass,700.00,NA,90.60,NA,45,NA
Woody biomass,700.00,NA,91.00,NA,45,NA
Herbaceous,700.00,NA,54.30,NA,45,NA
Herbaceous,700.00,NA,58.5 0,NA,45,NA
Herbaceous,700.00,NA,84.00,NA,45,NA
Herbaceous,700.00,NA,84.10,NA,45,NA
Biosolid Sludge,400.00,NA,21.44,NA,45,NA
Biosolid Sludge,400.00,NA,20.64,NA,45,NA
Biosolid Sludge,500.00,NA,16.29,NA,45,NA
Biosolid Sludge,500.00,NA,14.23,NA,45,NA
Biosolid Sludge,600.00,NA,14.18,NA,45,NA
Biosolid Sludge,600.00,NA,13.24,NA,45,NA
Herbaceous,400.00,NA,53.57,NA,45,NA
Herbaceous,400.00,NA,53.51,NA,45,NA
Herbaceous,450.00,NA,54.37,NA,45,NA
Herbaceous,450.00,NA,53.70,NA,45,NA
Herbaceous,500.00,NA,56.85,NA,45,NA
Herbaceous,500.00,NA,55.44,NA,45,NA
Herbaceous,550.00,NA,51.09,NA,45,NA
Herbaceous,550.00,NA,57.60,NA,45,NA
Herbaceous,500.00,47.00,NA,NA,45,NA
Herbaceous,500.00,31.80,NA,NA,45,NA
Herbaceous,490.00,16.00,NA,NA,45,NA
Herbaceous,600.00,38.00,NA,NA,45,NA
Herbaceous,500.00,40.00,NA,NA,45,NA
Herbaceous,600.00,28.00,NA,NA,45,NA
Herbaceous,525.00,28.00,NA,NA,45,NA
Herbaceous,450.00,43.00,NA,NA,45,NA
Herbaceous,500.00,28.00,NA,NA,45,NA
Herbaceous,400.00,38.00,NA,NA,45,NA
Herbaceous,550.00,18.00,NA,NA,45,NA
Herbaceous,577.00,23.00,NA,NA,45,NA
Herbaceous,500.00,29.30,NA,NA,45,NA
Woody biomass,550.00,31.00,NA,NA,45,NA
Woody biomass,550.00,28.00,NA,NA,45,NA
Herbaceous,500.00,35.00,NA,NA,45,NA
Herbaceous,420.00,32.60,NA,NA,45,NA
Herbaceous,510.00,20.00,NA,NA,45,NA
Herbaceous,500.00,29.30,NA,NA,45,NA
Woody biomass,500.00,27.50,NA,NA,45,NA
Woody biomass,550.00,40.00,NA,NA,45,NA
Woody biomass,500.00,14.00,NA,NA,45,NA
Herbaceous,700.00,18.00,NA,NA,45,NA
Herbaceous,400.00,3.00,NA,NA,45,NA
Woody biomass,500.00,39.00,NA,NA,45,NA
Woody biomass,450.00,25.00,NA,NA,45,NA
Woody biomass,600.00,36.80,NA,NA,45,NA
Herbaceous,600.00,NA,70.50,NA,45,NA
Animal and human waste,800.00,53.10,27.78,14.75,45,32.78
Woody biomass,400.00,35.30,74.10,26.16,45,58.13
Herbaceous,500.00,29.80,62.90,18.74,45,41.65
Woody biomass,900.00,NA,55.30,NA,45,NA
Herbaceous,450.00,43.00,67.50,29.03,45,64.50
Herbaceous,600.00,NA,76.50,NA,45,NA
Herbaceous,400.00,NA,37.20,NA,45,NA
Woody biomass,500.00,30.00,NA,NA,45,NA
Herbaceous,600.00,37.50,NA,NA,45,NA
Herbaceous,600.00,37.00,NA,NA,45,NA
Herbaceous,600.00,38.00,NA,NA,45,NA
Herbaceous,750.00,32.50,NA,NA,45,NA
Herbaceous,750.00,31.00,NA,NA,45,NA
Herbaceous,750.00,33.00,NA,NA,45,NA
Herbaceous,900.00,29.00,NA,NA,45,NA
Herbaceous,900.00,29.00,NA,NA,45,NA
Herbaceous,900.00,29.50,NA,NA,45,NA
Herbaceous,300.00,70.90,NA,NA,45,NA
Herbaceous,300.00,65.60,NA,NA,45,NA
Herbaceous,400.00,27.30,NA,NA,45,NA
Herbaceous,400.00,25.30,NA,NA,45,NA
Herbaceous,500.00,12.40,NA,NA,45,NA
Herbaceous,500.00,12.30,NA,NA,45,NA
Herbaceous,400.00,31.00,NA,NA,45,NA
Herbaceous,400.00,34.00,NA,NA,45,NA
Herbaceous,400.00,30.00,NA,NA,45,NA
Herbaceous,400.00,28.50,NA,NA,45,NA
Herbaceous,450.00,31.00,NA,NA,45,NA
Herbaceous,450.00,29.00,NA,NA,45,NA
Herbaceous,450.00,28.00,NA,NA,45,NA
Herbaceous,500.00,29.00,NA,NA,45,NA
Herbaceous,500.00,27.50,NA,NA,45,NA
Herbaceous,500.00,26.60,NA,NA,45,NA
Herbaceous,550.00,28.00,NA,NA,45,NA
Herbaceous,550.00,26.75,NA,NA,45,NA
Herbaceous,550.00,25.25,NA,NA,45,NA
Herbaceous,600.00,26.50,NA,NA,45,NA
Herbaceous,600.00,25.50,NA,NA,45,NA
Herbaceous,600.00,24.50,NA,NA,45,NA
Woody biomass,250.00,37.00,NA,NA,45,NA
Herbaceous,250.00,0.36,NA,NA,45,NA
Herbaceous,250.00,88.00,NA,NA,45,NA
Woody biomass,175.00,80.00,NA,NA,45,NA
Woody biomass,200.00,70.00,NA,NA,45,NA
Woody biomass,225.00,,,,45,
Woody biomass,175.00,,,,45,
Woody biomass,200.00,,,,45,
Woody biomass,225.00,,,,45,
Herbaceous,190.00,71.80,NA,NA,45,NA
Herbaceous,190.00,55.70,NA,NA,45,NA
Herbaceous,190.00,65.00,NA,NA,45,NA
Herbaceous,230.00,60.40,NA,NA,45,NA
Herbaceous,230.00,49.50,NA,NA,45,NA
Herbaceous,230.00,49.30,NA,NA,45,NA
Herbaceous,270.00,41.30,NA,NA,45,NA
Herbaceous,270.00,43.40,NA,NA,45,NA
Herbaceous,270.00,40.20,NA,NA,45,NA
Herbaceous,220.00,76.60,NA,NA,45,NA
Herbaceous,250.00,65.70,NA,NA,45,NA
Herbaceous,300.00,65.00,NA,NA,45,NA
Herbaceous,350.00,55.78,NA,NA,45,NA
Herbaceous,375.00,59.00,NA,NA,45,NA
Herbaceous,220.00,87.34,NA,NA,45,NA
Herbaceous,250.00,61.12,NA,NA,45,NA
Herbaceous,300.00,61.32,NA,NA,45,NA
Herbaceous,350.00,47.84,NA,NA,45,NA
Herbaceous,375.00,42.78,NA,NA,45,NA
Woody biomass,300.00,,,,45,
Woody biomass,400.00,,,,45,
Woody biomass,500.00,,,,45,
Animal and human waste,500.00,NA,92.90,NA,45,NA
Animal and human waste,300.00,NA,52.97,NA,45,NA
Herbaceous,300.00,,,,45,
Herbaceous,350.00,,,,45,
Herbaceous,500.00,,,,45,
Herbaceous,500.00,,,,45,
Herbaceous,300.00,,,,45,
Herbaceous,500.00,,,,45,
Woody biomass,500.00,,,,45,
Woody biomass,500.00,,,,45,
Woody biomass,500.00,,,,45,
Woody biomass,300.00,,,,45,
Herbaceous,500.00,,,,45,
Herbaceous,550.00,,,,45,
Woody biomass,300.00,,,,45,
Herbaceous,300.00,,,,45,
Woody biomass,450.00,18.50,23.20,4.29,45,9.54
Animal and human waste,450.00,25.20,21.20,5.34,45,11.87
Herbaceous,350.00,62.24,NA,NA,45,NA
Woody biomass,450.00,16.00,NA,NA,45,NA
Herbaceous,550.00,12.00,68.43,8.21,45,18.25
Herbaceous,500.00,15.80,69.60,11.00,45,24.44
Herbaceous,500.00,26.00,56.00,14.56,45,32.36
Herbaceous,375.00,56.08,30.67,17.20,45,38.22
Woody biomass,480.00,11.20,75.80,8.49,45,18.87
Herbaceous,550.00,38.86,44.73,17.38,45,38.63
Woody biomass,500.00,5.10,76.30,3.89,45,8.65
Herbaceous,500.00,24.91,86.23,21.48,45,47.73
Herbaceous,500.00,40.00,85.13,34.05,45,75.67
Herbaceous,500.00,26.00,45.20,11.75,45,26.12
Herbaceous,550.00,NA,72.30,NA,45,NA
Animal and human waste,350.00,55.70,61.90,34.48,45,76.62
Animal and human waste,500.00,39.10,NA,NA,45,NA
Woody biomass,500.00,35.09,70.96,24.90,45,55.33
Woody biomass,500.00,38.78,70.53,27.35,45,60.78
Herbaceous,600.00,23.20,NA,NA,45,NA
Herbaceous,750.00,19.60,NA,NA,45,NA
Herbaceous,600.00,19.20,79.80,15.32,45,34.05
Herbaceous,750.00,18.80,85.80,16.13,45,35.85
Woody biomass,500.00,33.00,NA,NA,45,NA
Woody biomass,600.00,30.00,84.70,25.41,45,56.47
Herbaceous,500.00,32.00,68.80,22.02,45,48.92
Herbaceous,500.00,32.50,73.80,23.99,45,53.30
Woody biomass,500.00,NA,80.90,NA,45,NA
Woody biomass,800.00,NA,84.80,NA,45,NA
Woody biomass,450.00,28.50,75.60,21.55,45,47.88
Herbaceous,450.00,30.20,74.80,22.59,45,50.20
Woody biomass,300.00,,,,45,
Woody biomass,400.00,,,,45,
Woody biomass,300.00,,,,45,
Herbaceous,300.00,,,,45,
Woody biomass,300.00,,,,45,
Woody biomass,400.00,,,,45,
Herbaceous,300.00,,,,45,
Herbaceous,300.00,,,,45,
Herbaceous,300.00,,,,45,
Herbaceous,300.00,,,,45,
Woody biomass,400.00,,,,45,
Woody biomass,400.00,,,,45,
Herbaceous,400.00,,,,45,
Woody biomass,400.00,,,,45,
Herbaceous Biomass,600.00,25.53,NA,NA,45,NA
Biosolid Sludge,1200.00,15.00,NA,NA,45,NA
Herbaceous Biomass,300.00,14.29,NA,NA,45,NA
Wood Biomass,500.00,20.90,NA,NA,45,NA
Wood Biomass,700.00,1.45,NA,NA,45,NA
Herbaceous Biomass,650.00,39.00,NA,NA,45,NA
Wood Biomass,650.00,27.00,NA,NA,45,NA
Herbaceous Biomass,600.00,,,,45,
Herbaceous Biomass,600.00,,,,45,
Wood Biomass,600.00,,,,45,
Herbaceous Biomass,250.00,,,,45,
Herbaceous Biomass,250.00,,,,45,
Wood Biomass,348.40,,,,45,
Wood Biomass,659.80,,,,45,
Herbaceous Biomass,398.80,,,,45,
Herbaceous Biomass,604.20,,,,45,
Herbaceous Biomass,950.00,,,,45,
Herbaceous Biomass,450.00,,,,45,
Herbaceous Biomass,450.00,,,,45,
Herbaceous Biomass,700.00,,,,45,
Herbaceous Biomass,700.00,,,,45,
,,,,,,
